variant,source_id,y_true,y_pred_gpr,y_std_gpr,y_pred_baseline,fold_id
Y115H,nandwani2025,0.3566749439384324,0.3786803801976969,0.17574089824708347,0.3786803801976969,2
E497D,nandwani2025,0.3566749439384324,0.3786803801976969,0.17574089824708347,0.3786803801976969,2
R249Q,adhikari2019,0.5212969236334112,0.36945694309313326,0.1353681879397869,0.36945694309313326,0
H251N,adhikari2019,0.46780823868219007,0.36945694309313326,0.1353681879397869,0.36945694309313326,0
D382Y,adhikari2019,0.38776553100854916,0.36945694309313326,0.1353681879397869,0.36945694309313326,0
I457T,adhikari2019,-0.017699577099275877,0.36945694309313326,0.1353681879397869,0.36945694309313326,0
R719W,adhikari2019,0.5916777203952798,0.36945694309313326,0.1353681879397869,0.36945694309313326,0
P710R,vanderroest2021,0.44260465505777735,0.37148470370578957,0.16901549279330522,0.37148470370578957,5
D778V,morck2022,0.28357529049911523,0.3774411113909225,0.17377064421159177,0.3774411113909224,1
L781P,morck2022,0.3317773923171346,0.3774839889394706,0.1737706329466194,0.3774411113909224,1
S782N,morck2022,0.28357529049911523,0.3774411113909224,0.17377064421159177,0.3774411113909224,1
A797T,morck2022,0.6682496289381425,0.38253165705056263,0.15579052645219602,0.3774411113909224,1
F834L,morck2022,0.29584538309096625,0.3774411134717915,0.17377064421159177,0.3774411113909224,1
R403Q,sarkar2020,0.3342020880863897,0.39496015377390664,0.16386723135072273,0.39496015377390664,4
R663H,sarkar2020,0.15123096972353756,0.39496015377390664,0.16386723135072273,0.39496015377390664,4
G768R,pathak2026,0.5596157879354227,0.36368396151394655,0.16273608919714386,0.36368396151394655,3
