variant,kcat_rel,Na_rel,v_rel,v_rel_expanded,adp_rigor_ca_shift_A,adp_adenine_ca_distance_8efe_A,rigor_actin_min_heavy_distance_8efi_A,relay_landmark_min_ca_distance_8act_mean_ab,elc_min_heavy_distance_8act_mean_ab,delta_charge,grantham_distance,catalytic_motif_min_ca_distance_8act_mean_ab,wt_site_rsa_8act_mean_ab,ihm_interface_flag_8act,kcat_rel_study,Na_rel_study,v_rel_study,v_rel_expanded_study,study_context
A797T,0.93,1.95081967213,0.946675899425,,,,,52.462266922,3.156838916,0,58,52.61597947966432,0.0283018867925,0,morck2022,morck2022,morck2022,,kcat_rel:morck2022|Na_rel:morck2022|v_rel:morck2022
D239N,1.48888888889,,1.94186046512,,0.647845688,13.403061292,35.055819859,35.685035706,38.631224062,1,23,0.0,,,adhikari2016,,adhikari2016,,kcat_rel:adhikari2016|v_rel:adhikari2016
D382Y,,1.47368421053,,,1.074311125,45.385706627,23.146598433,63.235746384,58.317239874,1,,,0.233128834356,1,,adhikari2019,,,Na_rel:adhikari2019
D778V,1.16,1.32786885246,1.45871842144,,8.86589456,40.463212935,49.423230469,28.416404724,5.919902893,1,152,34.84337112631988,0.315950920245,0,morck2022,morck2022,morck2022,,kcat_rel:morck2022|Na_rel:morck2022|v_rel:morck2022
E497D,1.51612903226,1.42857142857,0.808416389812,,2.321440558,33.041275717,35.006758447,0.0,22.479331336,0,45,22.822294945851162,0.0876288659794,0,nandwani2025,nandwani2025,nandwani2025,,kcat_rel:nandwani2025|Na_rel:nandwani2025|v_rel:nandwani2025
F834L,1.03,1.34426229508,1.0180466619,,,,,91.854549408,29.13726394,0,22,86.25095026129094,0.210659898477,0,morck2022,morck2022,morck2022,,kcat_rel:morck2022|Na_rel:morck2022|v_rel:morck2022
G741R,0.901960784314,,,,7.082193584,50.536779052,59.812430589,17.866434097,12.707218468,1,125,43.44510234672077,,,kawana2017,,,,kcat_rel:kawana2017
G768R,0.729981378026,1.75,0.198040016333,,4.944418844,37.221601537,41.371189951,17.450050354,17.509287479,1,125,27.477198222458405,0.613095238095,0,pathak2026,pathak2026,pathak2026,,kcat_rel:pathak2026|Na_rel:pathak2026|v_rel:pathak2026
H251N,1.24444444444,1.59649122807,1.39534883721,,0.549455682,25.169257061,33.494749156,27.890908241,13.811298229,0,68,16.073682688680528,0.0951086956522,0,adhikari2016,adhikari2019,adhikari2016,,kcat_rel:adhikari2016|Na_rel:adhikari2019|v_rel:adhikari2016
I457T,1.75313807531,0.982456140351,2.42857142857,,0.514728554,21.837342352,34.656604638,22.242405891,12.500166133,0,89,13.221737309855547,0,0,adhikari2019,adhikari2019,adhikari2019,,kcat_rel:adhikari2019|Na_rel:adhikari2019|v_rel:adhikari2019
I467V,,,,2.06092028516,1.229711029,21.332175956,25.12088623,26.474781036,43.063935422,,,,,,,,,lehman2023,v_expanded:lehman2023
L781P,0.97,1.39344262295,0.704141222701,,9.189484579,44.222855912,54.824513176,31.056694984,3.36913415,0,98,38.97306060048324,0.15243902439,0,morck2022,morck2022,morck2022,,kcat_rel:morck2022|Na_rel:morck2022|v_rel:morck2022
M493I,,,,0.2875,1.565772466,28.201165455,31.105244076,6.19353199,23.688039216,,,,,,,,,cail2025,v_expanded:cail2025
P710R,,1.55675675676,0.313648293963,,4.618472905,32.007836947,42.843603397,8.58924818,18.87526729,1,,,0.110294117647,0,,vanderroest2021,vanderroest2021,,Na_rel:vanderroest2021|v_rel:vanderroest2021
R249Q,0.707112970711,1.68421052632,,,0.32951951,21.010504373,29.534631079,26.015706062,18.980836575,-1,43,9.744404953362427,0.20564516129,0,adhikari2019,adhikari2019,,,kcat_rel:adhikari2019|Na_rel:adhikari2019
R403Q,1.26666666667,1.39682539682,1.14545454545,,0.423043993,51.830841456,6.824444959,58.937068939,59.339271569,-1,43,33.522361644995755,0.183467741935,1,nag2015,sarkar2020,nag2015,,kcat_rel:nag2015|Na_rel:sarkar2020|v_rel:nag2015
R453C,0.675675675676,,0.7625,,0.593341729,30.254764402,35.183105321,30.65838623,10.360766721,-1,180,21.430166265853757,,,sommese2013,,sommese2013,,kcat_rel:sommese2013|v_rel:sommese2013
R663H,0.966666666667,1.16326530612,1.01707317073,,0.470765238,28.386762514,18.430391993,13.299701691,21.301204586,-1,29,16.313801523298913,0.608870967742,0,sarkar2020,sarkar2020,sarkar2020,,kcat_rel:sarkar2020|Na_rel:sarkar2020|v_rel:sarkar2020
R671C,,,,1.18040621266,1.341872897,12.481364389,31.945815375,18.444245338,25.784122897,,,,,,,,,liu2024,v_expanded:liu2024
R719W,0.947368421053,1.80701754386,,,8.406363571,43.651493651,59.390799237,18.235423088,6.05199896,-1,101,37.94742621682316,0.161290322581,0,kawana2017,adhikari2019,,,kcat_rel:kawana2017|Na_rel:adhikari2019
S782N,1.04,1.32786885246,0.980249636914,,9.627779674,44.593384453,,33.881681442,4.56841049,0,46,38.841925839573804,0.342307692308,0,morck2022,morck2022,morck2022,,kcat_rel:morck2022|Na_rel:morck2022|v_rel:morck2022
Y115H,1.03225806452,1.42857142857,0.449612403101,,1.001480582,10.592775132,46.983964392,25.090517044,23.217351996,0,83,12.022325833439357,0.018018018018,0,nandwani2025,nandwani2025,nandwani2025,,kcat_rel:nandwani2025|Na_rel:nandwani2025|v_rel:nandwani2025
