comparison_id,pair_type,x,y,n_paired,n_studies,study_ids,paired_variants,status,method,effect,effect_unit,group_0_n,group_1_n,secondary_log_pearson,loo_variant_min,loo_variant_max,loo_study_min,loo_study_max,loo_study_estimable,n_missing_either,interpretation_limit
C001,outcome_outcome,kcat_rel,Na_rel,14,8,adhikari2016|adhikari2019|kawana2017|morck2022|nag2015|nandwani2025|pathak2026|sarkar2020,A797T|D778V|E497D|F834L|G768R|H251N|I457T|L781P|R249Q|R403Q|R663H|R719W|S782N|Y115H,estimated,spearman_tie_aware,-0.548459480244,rho,,,-0.627094820747,-0.633611219681,-0.435263359607,-0.711303297442,-0.231711624661,8,8,exploratory; correlated measures and heterogeneous assays; no inferential p-value
C002,outcome_outcome,kcat_rel,v_rel,14,8,adhikari2016|adhikari2019|morck2022|nag2015|nandwani2025|pathak2026|sarkar2020|sommese2013,A797T|D239N|D778V|E497D|F834L|G768R|H251N|I457T|L781P|R403Q|R453C|R663H|S782N|Y115H,estimated,spearman_tie_aware,0.67032967033,rho,,,0.708839298097,0.587912087912,0.813186813187,0.587912087912,0.888111888112,8,8,exploratory; correlated measures and heterogeneous assays; no inferential p-value
C003,outcome_outcome,Na_rel,v_rel,13,8,adhikari2016|adhikari2019|morck2022|nag2015|nandwani2025|pathak2026|sarkar2020|vanderroest2021,A797T|D778V|E497D|F834L|G768R|H251N|I457T|L781P|P710R|R403Q|R663H|S782N|Y115H,estimated,spearman_tie_aware,-0.570250097713,rho,,,-0.571059322337,-0.743864228172,-0.452634365256,-0.743864228172,-0.487722300547,8,9,exploratory; correlated measures and heterogeneous assays; no inferential p-value
C004,outcome_feature,kcat_rel,adp_rigor_ca_shift_A,15,9,adhikari2016|adhikari2019|kawana2017|morck2022|nag2015|nandwani2025|pathak2026|sarkar2020|sommese2013,D239N|D778V|E497D|G741R|G768R|H251N|I457T|L781P|R249Q|R403Q|R453C|R663H|R719W|S782N|Y115H,estimated,spearman_tie_aware,-0.0607142857143,rho,,,-0.18102462878,-0.283516483516,0.0461538461538,-0.17032967033,0.0824175824176,9,7,exploratory; correlated measures and heterogeneous assays; no inferential p-value
C005,outcome_feature,kcat_rel,adp_adenine_ca_distance_8efe_A,15,9,adhikari2016|adhikari2019|kawana2017|morck2022|nag2015|nandwani2025|pathak2026|sarkar2020|sommese2013,D239N|D778V|E497D|G741R|G768R|H251N|I457T|L781P|R249Q|R403Q|R453C|R663H|R719W|S782N|Y115H,estimated,spearman_tie_aware,-0.110714285714,rho,,,-0.178715637002,-0.265934065934,0.0285714285714,-0.230769230769,0.115384615385,9,7,exploratory; correlated measures and heterogeneous assays; no inferential p-value
C006,outcome_feature,kcat_rel,rigor_actin_min_heavy_distance_8efi_A,14,9,adhikari2016|adhikari2019|kawana2017|morck2022|nag2015|nandwani2025|pathak2026|sarkar2020|sommese2013,D239N|D778V|E497D|G741R|G768R|H251N|I457T|L781P|R249Q|R403Q|R453C|R663H|R719W|Y115H,estimated,spearman_tie_aware,-0.296703296703,rho,,,-0.198554214208,-0.510989010989,-0.203296703297,-0.482517482517,-0.167832167832,9,8,exploratory; correlated measures and heterogeneous assays; no inferential p-value
C007,outcome_feature,kcat_rel,relay_landmark_min_ca_distance_8act_mean_ab,17,9,adhikari2016|adhikari2019|kawana2017|morck2022|nag2015|nandwani2025|pathak2026|sarkar2020|sommese2013,A797T|D239N|D778V|E497D|F834L|G741R|G768R|H251N|I457T|L781P|R249Q|R403Q|R453C|R663H|R719W|S782N|Y115H,estimated,spearman_tie_aware,0.110294117647,rho,,,-0.0185915498932,0.0323529411765,0.317647058824,-0.0321428571429,0.346428571429,9,5,exploratory; correlated measures and heterogeneous assays; no inferential p-value
C008,outcome_feature,kcat_rel,elc_min_heavy_distance_8act_mean_ab,17,9,adhikari2016|adhikari2019|kawana2017|morck2022|nag2015|nandwani2025|pathak2026|sarkar2020|sommese2013,A797T|D239N|D778V|E497D|F834L|G741R|G768R|H251N|I457T|L781P|R249Q|R403Q|R453C|R663H|R719W|S782N|Y115H,estimated,spearman_tie_aware,0.308823529412,rho,,,0.316513646267,0.214705882353,0.397058823529,0.207142857143,0.45,9,5,exploratory; correlated measures and heterogeneous assays; no inferential p-value
C009,outcome_feature,kcat_rel,delta_charge,17,9,adhikari2016|adhikari2019|kawana2017|morck2022|nag2015|nandwani2025|pathak2026|sarkar2020|sommese2013,A797T|D239N|D778V|E497D|F834L|G741R|G768R|H251N|I457T|L781P|R249Q|R403Q|R453C|R663H|R719W|S782N|Y115H,estimated,spearman_tie_aware,0.225934459723,rho,,,0.238794291594,0.0958706236059,0.367183376871,0.0958706236059,0.367183376871,9,5,exploratory; correlated measures and heterogeneous assays; no inferential p-value
C010,outcome_feature,kcat_rel,grantham_distance,17,9,adhikari2016|adhikari2019|kawana2017|morck2022|nag2015|nandwani2025|pathak2026|sarkar2020|sommese2013,A797T|D239N|D778V|E497D|F834L|G741R|G768R|H251N|I457T|L781P|R249Q|R403Q|R453C|R663H|R719W|S782N|Y115H,estimated,spearman_tie_aware,-0.352147504345,rho,,,-0.391273175589,-0.484179674863,-0.222386102739,-0.563002905778,-0.214477297439,9,5,exploratory; correlated measures and heterogeneous assays; no inferential p-value
C011,outcome_feature,kcat_rel,catalytic_motif_min_ca_distance_8act_mean_ab,17,9,adhikari2016|adhikari2019|kawana2017|morck2022|nag2015|nandwani2025|pathak2026|sarkar2020|sommese2013,A797T|D239N|D778V|E497D|F834L|G741R|G768R|H251N|I457T|L781P|R249Q|R403Q|R453C|R663H|R719W|S782N|Y115H,estimated,spearman_tie_aware,-0.242647058824,rho,,,-0.188973729822,-0.435294117647,-0.120588235294,-0.346428571429,-0.0321428571429,9,5,exploratory; correlated measures and heterogeneous assays; no inferential p-value
C012,outcome_feature,kcat_rel,wt_site_rsa_8act_mean_ab,14,8,adhikari2016|adhikari2019|kawana2017|morck2022|nag2015|nandwani2025|pathak2026|sarkar2020,A797T|D778V|E497D|F834L|G768R|H251N|I457T|L781P|R249Q|R403Q|R663H|R719W|S782N|Y115H,estimated,spearman_tie_aware,-0.402197802198,rho,,,-0.494142119495,-0.549450549451,-0.252747252747,-0.733333333333,-0.244755244755,8,8,exploratory; correlated measures and heterogeneous assays; no inferential p-value
C013,outcome_feature,kcat_rel,ihm_interface_flag_8act,14,8,adhikari2016|adhikari2019|kawana2017|morck2022|nag2015|nandwani2025|pathak2026|sarkar2020,A797T|D778V|E497D|F834L|G768R|H251N|I457T|L781P|R249Q|R403Q|R663H|R719W|S782N|Y115H,fragile_group_n_lt2,median_flag1_minus_flag0,0.23666666667,ratio,13,1,,0.23553763441,0.26666666667,0.23553763441,0.29666666667,7,8,exploratory; correlated measures and heterogeneous assays; no inferential p-value
C014,outcome_feature,Na_rel,adp_rigor_ca_shift_A,14,6,adhikari2019|morck2022|nandwani2025|pathak2026|sarkar2020|vanderroest2021,D382Y|D778V|E497D|G768R|H251N|I457T|L781P|P710R|R249Q|R403Q|R663H|R719W|S782N|Y115H,estimated,spearman_tie_aware,-0.00220264851504,rho,,,0.180796442523,-0.159780220615,0.143251232276,-0.189474850572,0.528475175191,6,8,exploratory; correlated measures and heterogeneous assays; no inferential p-value
C015,outcome_feature,Na_rel,adp_adenine_ca_distance_8efe_A,14,6,adhikari2019|morck2022|nandwani2025|pathak2026|sarkar2020|vanderroest2021,D382Y|D778V|E497D|G768R|H251N|I457T|L781P|P710R|R249Q|R403Q|R663H|R719W|S782N|Y115H,estimated,spearman_tie_aware,-0.057268861391,rho,,,0.153558005149,-0.225896173973,0.0661159533581,-0.22689876784,0.154897896177,6,8,exploratory; correlated measures and heterogeneous assays; no inferential p-value
C016,outcome_feature,Na_rel,rigor_actin_min_heavy_distance_8efi_A,13,6,adhikari2019|morck2022|nandwani2025|pathak2026|sarkar2020|vanderroest2021,D382Y|D778V|E497D|G768R|H251N|I457T|L781P|P710R|R249Q|R403Q|R663H|R719W|Y115H,estimated,spearman_tie_aware,0.18431929404,rho,,,0.292505551699,-0.0385289557586,0.304729013727,-0.0683373071367,0.469249509006,6,9,exploratory; correlated measures and heterogeneous assays; no inferential p-value
C017,outcome_feature,Na_rel,relay_landmark_min_ca_distance_8act_mean_ab,16,6,adhikari2019|morck2022|nandwani2025|pathak2026|sarkar2020|vanderroest2021,A797T|D382Y|D778V|E497D|F834L|G768R|H251N|I457T|L781P|P710R|R249Q|R403Q|R663H|R719W|S782N|Y115H,estimated,spearman_tie_aware,-0.094256361426,rho,,,0.01630531001,-0.255814362817,-0.0178891162809,-0.202643663384,0.00911164095156,6,6,exploratory; correlated measures and heterogeneous assays; no inferential p-value
C018,outcome_feature,Na_rel,elc_min_heavy_distance_8act_mean_ab,16,6,adhikari2019|morck2022|nandwani2025|pathak2026|sarkar2020|vanderroest2021,A797T|D382Y|D778V|E497D|F834L|G768R|H251N|I457T|L781P|P710R|R249Q|R403Q|R663H|R719W|S782N|Y115H,estimated,spearman_tie_aware,-0.0913108501314,rho,,,-0.116473026859,-0.212689986627,0.103756874429,-0.423691304248,-0.0198238366353,6,6,exploratory; correlated measures and heterogeneous assays; no inferential p-value
C019,outcome_feature,Na_rel,delta_charge,16,6,adhikari2019|morck2022|nandwani2025|pathak2026|sarkar2020|vanderroest2021,A797T|D382Y|D778V|E497D|F834L|G768R|H251N|I457T|L781P|P710R|R249Q|R403Q|R663H|R719W|S782N|Y115H,estimated,spearman_tie_aware,0.0288035764741,rho,,,0.0403684966768,-0.114232559129,0.196952688154,-0.178292118363,0.360945425802,6,6,exploratory; correlated measures and heterogeneous assays; no inferential p-value
C020,outcome_feature,Na_rel,grantham_distance,14,5,adhikari2019|morck2022|nandwani2025|pathak2026|sarkar2020,A797T|D778V|E497D|F834L|G768R|H251N|I457T|L781P|R249Q|R403Q|R663H|R719W|S782N|Y115H,estimated,spearman_tie_aware,0.174200767399,rho,,,0.107498622804,0.0331034797655,0.358126721763,0.00701758705823,0.470588235294,5,8,exploratory; correlated measures and heterogeneous assays; no inferential p-value
C021,outcome_feature,Na_rel,catalytic_motif_min_ca_distance_8act_mean_ab,14,5,adhikari2019|morck2022|nandwani2025|pathak2026|sarkar2020,A797T|D778V|E497D|F834L|G768R|H251N|I457T|L781P|R249Q|R403Q|R663H|R719W|S782N|Y115H,estimated,spearman_tie_aware,0.0374450247556,rho,,,0.158814632983,-0.154270557835,0.148760895056,-0.0243906973328,0.267784770802,5,8,exploratory; correlated measures and heterogeneous assays; no inferential p-value
C022,outcome_feature,Na_rel,wt_site_rsa_8act_mean_ab,16,6,adhikari2019|morck2022|nandwani2025|pathak2026|sarkar2020|vanderroest2021,A797T|D382Y|D778V|E497D|F834L|G768R|H251N|I457T|L781P|P710R|R249Q|R403Q|R663H|R719W|S782N|Y115H,estimated,spearman_tie_aware,-0.15169383167,rho,,,-0.0563332823567,-0.398927293064,-0.0500895255865,-0.515987114424,0.341686535684,6,6,exploratory; correlated measures and heterogeneous assays; no inferential p-value
C023,outcome_feature,Na_rel,ihm_interface_flag_8act,16,6,adhikari2019|morck2022|nandwani2025|pathak2026|sarkar2020|vanderroest2021,A797T|D382Y|D778V|E497D|F834L|G768R|H251N|I457T|L781P|P710R|R249Q|R403Q|R663H|R719W|S782N|Y115H,estimated,median_flag1_minus_flag0,0.006683375105,ratio,14,2,,-0.03174603175,0.04511278196,-0.121501953085,0.04511278196,6,6,exploratory; correlated measures and heterogeneous assays; no inferential p-value
C024,outcome_feature,v_rel,adp_rigor_ca_shift_A,13,9,adhikari2016|adhikari2019|morck2022|nag2015|nandwani2025|pathak2026|sarkar2020|sommese2013|vanderroest2021,D239N|D778V|E497D|G768R|H251N|I457T|L781P|P710R|R403Q|R453C|R663H|S782N|Y115H,estimated,spearman_tie_aware,-0.434065934066,rho,,,-0.222224564706,-0.629370629371,-0.342657342657,-0.709090909091,-0.342657342657,9,9,exploratory; correlated measures and heterogeneous assays; no inferential p-value
C025,outcome_feature,v_rel,adp_adenine_ca_distance_8efe_A,13,9,adhikari2016|adhikari2019|morck2022|nag2015|nandwani2025|pathak2026|sarkar2020|sommese2013|vanderroest2021,D239N|D778V|E497D|G768R|H251N|I457T|L781P|P710R|R403Q|R453C|R663H|S782N|Y115H,estimated,spearman_tie_aware,-0.192307692308,rho,,,-0.134552155318,-0.41958041958,-0.048951048951,-0.463636363636,0.1,9,9,exploratory; correlated measures and heterogeneous assays; no inferential p-value
C026,outcome_feature,v_rel,rigor_actin_min_heavy_distance_8efi_A,12,9,adhikari2016|adhikari2019|morck2022|nag2015|nandwani2025|pathak2026|sarkar2020|sommese2013|vanderroest2021,D239N|D778V|E497D|G768R|H251N|I457T|L781P|P710R|R403Q|R453C|R663H|Y115H,estimated,spearman_tie_aware,-0.454545454545,rho,,,-0.309350107196,-0.709090909091,-0.363636363636,-0.684848484848,-0.363636363636,9,10,exploratory; correlated measures and heterogeneous assays; no inferential p-value
C027,outcome_feature,v_rel,relay_landmark_min_ca_distance_8act_mean_ab,15,9,adhikari2016|adhikari2019|morck2022|nag2015|nandwani2025|pathak2026|sarkar2020|sommese2013|vanderroest2021,A797T|D239N|D778V|E497D|F834L|G768R|H251N|I457T|L781P|P710R|R403Q|R453C|R663H|S782N|Y115H,estimated,spearman_tie_aware,0.35,rho,,,0.278923942428,0.230769230769,0.476923076923,0.230769230769,0.476923076923,9,7,exploratory; correlated measures and heterogeneous assays; no inferential p-value
C028,outcome_feature,v_rel,elc_min_heavy_distance_8act_mean_ab,15,9,adhikari2016|adhikari2019|morck2022|nag2015|nandwani2025|pathak2026|sarkar2020|sommese2013|vanderroest2021,A797T|D239N|D778V|E497D|F834L|G768R|H251N|I457T|L781P|P710R|R403Q|R453C|R663H|S782N|Y115H,estimated,spearman_tie_aware,0.139285714286,rho,,,0.0980871460695,-0.00659340659341,0.235164835165,0.0666666666667,0.269230769231,9,7,exploratory; correlated measures and heterogeneous assays; no inferential p-value
C029,outcome_feature,v_rel,delta_charge,15,9,adhikari2016|adhikari2019|morck2022|nag2015|nandwani2025|pathak2026|sarkar2020|sommese2013|vanderroest2021,A797T|D239N|D778V|E497D|F834L|G768R|H251N|I457T|L781P|P710R|R403Q|R453C|R663H|S782N|Y115H,estimated,spearman_tie_aware,-0.0688102353204,rho,,,-0.228476493611,-0.243599382882,0.108266392392,-0.302613766334,0.108266392392,9,7,exploratory; correlated measures and heterogeneous assays; no inferential p-value
C030,outcome_feature,v_rel,grantham_distance,14,8,adhikari2016|adhikari2019|morck2022|nag2015|nandwani2025|pathak2026|sarkar2020|sommese2013,A797T|D239N|D778V|E497D|F834L|G768R|H251N|I457T|L781P|R403Q|R453C|R663H|S782N|Y115H,estimated,spearman_tie_aware,-0.336263736264,rho,,,-0.298155372126,-0.538461538462,-0.225274725275,-0.472527472527,-0.225274725275,8,8,exploratory; correlated measures and heterogeneous assays; no inferential p-value
C031,outcome_feature,v_rel,catalytic_motif_min_ca_distance_8act_mean_ab,14,8,adhikari2016|adhikari2019|morck2022|nag2015|nandwani2025|pathak2026|sarkar2020|sommese2013,A797T|D239N|D778V|E497D|F834L|G768R|H251N|I457T|L781P|R403Q|R453C|R663H|S782N|Y115H,estimated,spearman_tie_aware,-0.221978021978,rho,,,-0.111148757922,-0.428571428571,-0.0384615384615,-0.496503496503,0.104895104895,8,8,exploratory; correlated measures and heterogeneous assays; no inferential p-value
C032,outcome_feature,v_rel,wt_site_rsa_8act_mean_ab,13,8,adhikari2016|adhikari2019|morck2022|nag2015|nandwani2025|pathak2026|sarkar2020|vanderroest2021,A797T|D778V|E497D|F834L|G768R|H251N|I457T|L781P|P710R|R403Q|R663H|S782N|Y115H,estimated,spearman_tie_aware,-0.0989010989011,rho,,,-0.305940132743,-0.20979020979,0.146853146853,-0.452380952381,0.146853146853,8,9,exploratory; correlated measures and heterogeneous assays; no inferential p-value
C033,outcome_feature,v_rel,ihm_interface_flag_8act,13,8,adhikari2016|adhikari2019|morck2022|nag2015|nandwani2025|pathak2026|sarkar2020|vanderroest2021,A797T|D778V|E497D|F834L|G768R|H251N|I457T|L781P|P710R|R403Q|R663H|S782N|Y115H,fragile_group_n_lt2,median_flag1_minus_flag0,0.18199177728,ratio,12,1,,0.165204908536,0.198778646025,0.146793141628,0.337038155638,7,9,exploratory; correlated measures and heterogeneous assays; no inferential p-value
C034,feature_feature,adp_rigor_ca_shift_A,adp_adenine_ca_distance_8efe_A,20,0,,D239N|D382Y|D778V|E497D|G741R|G768R|H251N|I457T|I467V|L781P|M493I|P710R|R249Q|R403Q|R453C|R663H|R671C|R719W|S782N|Y115H,estimated,spearman_tie_aware,0.457142857143,rho,,,,0.40701754386,0.671929824561,,,not_applicable_feature_pair,2,exploratory; correlated measures and heterogeneous assays; no inferential p-value
C035,feature_feature,adp_rigor_ca_shift_A,rigor_actin_min_heavy_distance_8efi_A,19,0,,D239N|D382Y|D778V|E497D|G741R|G768R|H251N|I457T|I467V|L781P|M493I|P710R|R249Q|R403Q|R453C|R663H|R671C|R719W|Y115H,estimated,spearman_tie_aware,0.729824561404,rho,,,,0.69040247678,0.781217750258,,,not_applicable_feature_pair,3,exploratory; correlated measures and heterogeneous assays; no inferential p-value
C036,feature_feature,adp_rigor_ca_shift_A,relay_landmark_min_ca_distance_8act_mean_ab,20,0,,D239N|D382Y|D778V|E497D|G741R|G768R|H251N|I457T|I467V|L781P|M493I|P710R|R249Q|R403Q|R453C|R663H|R671C|R719W|S782N|Y115H,estimated,spearman_tie_aware,-0.141353383459,rho,,,,-0.257894736842,-0.0263157894737,,,not_applicable_feature_pair,2,exploratory; correlated measures and heterogeneous assays; no inferential p-value
C037,feature_feature,adp_rigor_ca_shift_A,elc_min_heavy_distance_8act_mean_ab,20,0,,D239N|D382Y|D778V|E497D|G741R|G768R|H251N|I457T|I467V|L781P|M493I|P710R|R249Q|R403Q|R453C|R663H|R671C|R719W|S782N|Y115H,estimated,spearman_tie_aware,-0.524812030075,rho,,,,-0.60350877193,-0.445614035088,,,not_applicable_feature_pair,2,exploratory; correlated measures and heterogeneous assays; no inferential p-value
C038,feature_feature,adp_rigor_ca_shift_A,delta_charge,17,0,,D239N|D382Y|D778V|E497D|G741R|G768R|H251N|I457T|L781P|P710R|R249Q|R403Q|R453C|R663H|R719W|S782N|Y115H,estimated,spearman_tie_aware,0.474219572553,rho,,,,0.391390181928,0.626224291085,,,not_applicable_feature_pair,5,exploratory; correlated measures and heterogeneous assays; no inferential p-value
C039,feature_feature,adp_rigor_ca_shift_A,grantham_distance,15,0,,D239N|D778V|E497D|G741R|G768R|H251N|I457T|L781P|R249Q|R403Q|R453C|R663H|R719W|S782N|Y115H,estimated,spearman_tie_aware,0.500895255865,rho,,,,0.422442499853,0.627754826786,,,not_applicable_feature_pair,7,exploratory; correlated measures and heterogeneous assays; no inferential p-value
C040,feature_feature,adp_rigor_ca_shift_A,catalytic_motif_min_ca_distance_8act_mean_ab,15,0,,D239N|D778V|E497D|G741R|G768R|H251N|I457T|L781P|R249Q|R403Q|R453C|R663H|R719W|S782N|Y115H,estimated,spearman_tie_aware,0.710714285714,rho,,,,0.665934065934,0.806593406593,,,not_applicable_feature_pair,7,exploratory; correlated measures and heterogeneous assays; no inferential p-value
C041,feature_feature,adp_rigor_ca_shift_A,wt_site_rsa_8act_mean_ab,14,0,,D382Y|D778V|E497D|G768R|H251N|I457T|L781P|P710R|R249Q|R403Q|R663H|R719W|S782N|Y115H,estimated,spearman_tie_aware,0.204395604396,rho,,,,0.0879120879121,0.406593406593,,,not_applicable_feature_pair,8,exploratory; correlated measures and heterogeneous assays; no inferential p-value
C042,feature_feature,adp_rigor_ca_shift_A,ihm_interface_flag_8act,14,0,,D382Y|D778V|E497D|G768R|H251N|I457T|L781P|P710R|R249Q|R403Q|R663H|R719W|S782N|Y115H,estimated,median_flag1_minus_flag0,-2.7212791725,angstrom,12,2,,-3.869795346,-1.572762999,,,not_applicable_feature_pair,8,exploratory; correlated measures and heterogeneous assays; no inferential p-value
C043,feature_feature,adp_adenine_ca_distance_8efe_A,rigor_actin_min_heavy_distance_8efi_A,19,0,,D239N|D382Y|D778V|E497D|G741R|G768R|H251N|I457T|I467V|L781P|M493I|P710R|R249Q|R403Q|R453C|R663H|R671C|R719W|Y115H,estimated,spearman_tie_aware,0.208771929825,rho,,,,0.106295149639,0.422084623323,,,not_applicable_feature_pair,3,exploratory; correlated measures and heterogeneous assays; no inferential p-value
C044,feature_feature,adp_adenine_ca_distance_8efe_A,relay_landmark_min_ca_distance_8act_mean_ab,20,0,,D239N|D382Y|D778V|E497D|G741R|G768R|H251N|I457T|I467V|L781P|M493I|P710R|R249Q|R403Q|R453C|R663H|R671C|R719W|S782N|Y115H,estimated,spearman_tie_aware,0.204511278195,rho,,,,0.0754385964912,0.310526315789,,,not_applicable_feature_pair,2,exploratory; correlated measures and heterogeneous assays; no inferential p-value
C045,feature_feature,adp_adenine_ca_distance_8efe_A,elc_min_heavy_distance_8act_mean_ab,20,0,,D239N|D382Y|D778V|E497D|G741R|G768R|H251N|I457T|I467V|L781P|M493I|P710R|R249Q|R403Q|R453C|R663H|R671C|R719W|S782N|Y115H,estimated,spearman_tie_aware,-0.291729323308,rho,,,,-0.50701754386,-0.250877192982,,,not_applicable_feature_pair,2,exploratory; correlated measures and heterogeneous assays; no inferential p-value
C046,feature_feature,adp_adenine_ca_distance_8efe_A,delta_charge,17,0,,D239N|D382Y|D778V|E497D|G741R|G768R|H251N|I457T|L781P|P710R|R249Q|R403Q|R453C|R663H|R719W|S782N|Y115H,estimated,spearman_tie_aware,0.12472624374,rho,,,,0.0342997170285,0.300587659721,,,not_applicable_feature_pair,5,exploratory; correlated measures and heterogeneous assays; no inferential p-value
C047,feature_feature,adp_adenine_ca_distance_8efe_A,grantham_distance,15,0,,D239N|D778V|E497D|G741R|G768R|H251N|I457T|L781P|R249Q|R403Q|R453C|R663H|R719W|S782N|Y115H,estimated,spearman_tie_aware,0.313059534915,rho,,,,0.185022475263,0.492849583162,,,not_applicable_feature_pair,7,exploratory; correlated measures and heterogeneous assays; no inferential p-value
C048,feature_feature,adp_adenine_ca_distance_8efe_A,catalytic_motif_min_ca_distance_8act_mean_ab,15,0,,D239N|D778V|E497D|G741R|G768R|H251N|I457T|L781P|R249Q|R403Q|R453C|R663H|R719W|S782N|Y115H,estimated,spearman_tie_aware,0.932142857143,rho,,,,0.916483516484,0.982417582418,,,not_applicable_feature_pair,7,exploratory; correlated measures and heterogeneous assays; no inferential p-value
C049,feature_feature,adp_adenine_ca_distance_8efe_A,wt_site_rsa_8act_mean_ab,14,0,,D382Y|D778V|E497D|G768R|H251N|I457T|L781P|P710R|R249Q|R403Q|R663H|R719W|S782N|Y115H,estimated,spearman_tie_aware,0.441758241758,rho,,,,0.313186813187,0.565934065934,,,not_applicable_feature_pair,8,exploratory; correlated measures and heterogeneous assays; no inferential p-value
C050,feature_feature,adp_adenine_ca_distance_8efe_A,ihm_interface_flag_8act,14,0,,D382Y|D778V|E497D|G768R|H251N|I457T|L781P|P710R|R249Q|R403Q|R663H|R719W|S782N|Y115H,estimated,median_flag1_minus_flag0,16.0837177095,angstrom,12,2,,12.861150295,19.306285124,,,not_applicable_feature_pair,8,exploratory; correlated measures and heterogeneous assays; no inferential p-value
C051,feature_feature,rigor_actin_min_heavy_distance_8efi_A,relay_landmark_min_ca_distance_8act_mean_ab,19,0,,D239N|D382Y|D778V|E497D|G741R|G768R|H251N|I457T|I467V|L781P|M493I|P710R|R249Q|R403Q|R453C|R663H|R671C|R719W|Y115H,estimated,spearman_tie_aware,-0.159649122807,rho,,,,-0.279669762642,-0.015479876161,,,not_applicable_feature_pair,3,exploratory; correlated measures and heterogeneous assays; no inferential p-value
C052,feature_feature,rigor_actin_min_heavy_distance_8efi_A,elc_min_heavy_distance_8act_mean_ab,19,0,,D239N|D382Y|D778V|E497D|G741R|G768R|H251N|I457T|I467V|L781P|M493I|P710R|R249Q|R403Q|R453C|R663H|R671C|R719W|Y115H,estimated,spearman_tie_aware,-0.721052631579,rho,,,,-0.772961816305,-0.671826625387,,,not_applicable_feature_pair,3,exploratory; correlated measures and heterogeneous assays; no inferential p-value
C053,feature_feature,rigor_actin_min_heavy_distance_8efi_A,delta_charge,16,0,,D239N|D382Y|D778V|E497D|G741R|G768R|H251N|I457T|L781P|P710R|R249Q|R403Q|R453C|R663H|R719W|Y115H,estimated,spearman_tie_aware,0.350792560519,rho,,,,0.24881392527,0.524218651714,,,not_applicable_feature_pair,6,exploratory; correlated measures and heterogeneous assays; no inferential p-value
C054,feature_feature,rigor_actin_min_heavy_distance_8efi_A,grantham_distance,14,0,,D239N|D778V|E497D|G741R|G768R|H251N|I457T|L781P|R249Q|R403Q|R453C|R663H|R719W|Y115H,estimated,spearman_tie_aware,0.700442227782,rho,,,,0.662999251696,0.746559306668,,,not_applicable_feature_pair,8,exploratory; correlated measures and heterogeneous assays; no inferential p-value
C055,feature_feature,rigor_actin_min_heavy_distance_8efi_A,catalytic_motif_min_ca_distance_8act_mean_ab,14,0,,D239N|D778V|E497D|G741R|G768R|H251N|I457T|L781P|R249Q|R403Q|R453C|R663H|R719W|Y115H,estimated,spearman_tie_aware,0.578021978022,rho,,,,0.472527472527,0.71978021978,,,not_applicable_feature_pair,8,exploratory; correlated measures and heterogeneous assays; no inferential p-value
C056,feature_feature,rigor_actin_min_heavy_distance_8efi_A,wt_site_rsa_8act_mean_ab,13,0,,D382Y|D778V|E497D|G768R|H251N|I457T|L781P|P710R|R249Q|R403Q|R663H|R719W|Y115H,estimated,spearman_tie_aware,-0.214285714286,rho,,,,-0.370629370629,-0.0769230769231,,,not_applicable_feature_pair,9,exploratory; correlated measures and heterogeneous assays; no inferential p-value
C057,feature_feature,rigor_actin_min_heavy_distance_8efi_A,ihm_interface_flag_8act,13,0,,D382Y|D778V|E497D|G768R|H251N|I457T|L781P|P710R|R249Q|R403Q|R663H|R719W|Y115H,estimated,median_flag1_minus_flag0,-26.385668255,angstrom,11,2,,-34.546744992,-18.224591518,,,not_applicable_feature_pair,9,exploratory; correlated measures and heterogeneous assays; no inferential p-value
C058,feature_feature,relay_landmark_min_ca_distance_8act_mean_ab,elc_min_heavy_distance_8act_mean_ab,22,0,,A797T|D239N|D382Y|D778V|E497D|F834L|G741R|G768R|H251N|I457T|I467V|L781P|M493I|P710R|R249Q|R403Q|R453C|R663H|R671C|R719W|S782N|Y115H,estimated,spearman_tie_aware,0.0671936758893,rho,,,,-0.0662337662338,0.151948051948,,,not_applicable_feature_pair,0,exploratory; correlated measures and heterogeneous assays; no inferential p-value
C059,feature_feature,relay_landmark_min_ca_distance_8act_mean_ab,delta_charge,19,0,,A797T|D239N|D382Y|D778V|E497D|F834L|G741R|G768R|H251N|I457T|L781P|P710R|R249Q|R403Q|R453C|R663H|R719W|S782N|Y115H,estimated,spearman_tie_aware,-0.0290196539577,rho,,,,-0.143665705307,0.0861994231841,,,not_applicable_feature_pair,3,exploratory; correlated measures and heterogeneous assays; no inferential p-value
C060,feature_feature,relay_landmark_min_ca_distance_8act_mean_ab,grantham_distance,17,0,,A797T|D239N|D778V|E497D|F834L|G741R|G768R|H251N|I457T|L781P|R249Q|R403Q|R453C|R663H|R719W|S782N|Y115H,estimated,spearman_tie_aware,-0.310429681531,rho,,,,-0.478645585366,-0.172312410732,,,not_applicable_feature_pair,5,exploratory; correlated measures and heterogeneous assays; no inferential p-value
C061,feature_feature,relay_landmark_min_ca_distance_8act_mean_ab,catalytic_motif_min_ca_distance_8act_mean_ab,17,0,,A797T|D239N|D778V|E497D|F834L|G741R|G768R|H251N|I457T|L781P|R249Q|R403Q|R453C|R663H|R719W|S782N|Y115H,estimated,spearman_tie_aware,0.301470588235,rho,,,,0.161764705882,0.444117647059,,,not_applicable_feature_pair,5,exploratory; correlated measures and heterogeneous assays; no inferential p-value
C062,feature_feature,relay_landmark_min_ca_distance_8act_mean_ab,wt_site_rsa_8act_mean_ab,16,0,,A797T|D382Y|D778V|E497D|F834L|G768R|H251N|I457T|L781P|P710R|R249Q|R403Q|R663H|R719W|S782N|Y115H,estimated,spearman_tie_aware,0.147058823529,rho,,,,0.0464285714286,0.310714285714,,,not_applicable_feature_pair,6,exploratory; correlated measures and heterogeneous assays; no inferential p-value
C063,feature_feature,relay_landmark_min_ca_distance_8act_mean_ab,ihm_interface_flag_8act,16,0,,A797T|D382Y|D778V|E497D|F834L|G768R|H251N|I457T|L781P|P710R|R249Q|R403Q|R663H|R719W|S782N|Y115H,estimated,median_flag1_minus_flag0,35.5332961085,angstrom,14,2,,33.383957386,37.682634831,,,not_applicable_feature_pair,6,exploratory; correlated measures and heterogeneous assays; no inferential p-value
C064,feature_feature,elc_min_heavy_distance_8act_mean_ab,delta_charge,19,0,,A797T|D239N|D382Y|D778V|E497D|F834L|G741R|G768R|H251N|I457T|L781P|P710R|R249Q|R403Q|R453C|R663H|R719W|S782N|Y115H,estimated,spearman_tie_aware,0.0439975398713,rho,,,,-0.0574662821227,0.197296086471,,,not_applicable_feature_pair,3,exploratory; correlated measures and heterogeneous assays; no inferential p-value
C065,feature_feature,elc_min_heavy_distance_8act_mean_ab,grantham_distance,17,0,,A797T|D239N|D778V|E497D|F834L|G741R|G768R|H251N|I457T|L781P|R249Q|R403Q|R453C|R663H|R719W|S782N|Y115H,estimated,spearman_tie_aware,-0.606135425598,rho,,,,-0.692195154222,-0.540501322552,,,not_applicable_feature_pair,5,exploratory; correlated measures and heterogeneous assays; no inferential p-value
C066,feature_feature,elc_min_heavy_distance_8act_mean_ab,catalytic_motif_min_ca_distance_8act_mean_ab,17,0,,A797T|D239N|D778V|E497D|F834L|G741R|G768R|H251N|I457T|L781P|R249Q|R403Q|R453C|R663H|R719W|S782N|Y115H,estimated,spearman_tie_aware,-0.450980392157,rho,,,,-0.673529411765,-0.367647058824,,,not_applicable_feature_pair,5,exploratory; correlated measures and heterogeneous assays; no inferential p-value
C067,feature_feature,elc_min_heavy_distance_8act_mean_ab,wt_site_rsa_8act_mean_ab,16,0,,A797T|D382Y|D778V|E497D|F834L|G768R|H251N|I457T|L781P|P710R|R249Q|R403Q|R663H|R719W|S782N|Y115H,estimated,spearman_tie_aware,0.102941176471,rho,,,,-0.0285714285714,0.214285714286,,,not_applicable_feature_pair,6,exploratory; correlated measures and heterogeneous assays; no inferential p-value
C068,feature_feature,elc_min_heavy_distance_8act_mean_ab,ihm_interface_flag_8act,16,0,,A797T|D382Y|D778V|E497D|F834L|G768R|H251N|I457T|L781P|P710R|R249Q|R403Q|R663H|R719W|S782N|Y115H,estimated,median_flag1_minus_flag0,43.1679628675,angstrom,14,2,,41.3189682425,45.0169574925,,,not_applicable_feature_pair,6,exploratory; correlated measures and heterogeneous assays; no inferential p-value
C069,feature_feature,delta_charge,grantham_distance,17,0,,A797T|D239N|D778V|E497D|F834L|G741R|G768R|H251N|I457T|L781P|R249Q|R403Q|R453C|R663H|R719W|S782N|Y115H,estimated,spearman_tie_aware,0.226211850202,rho,,,,0.128368091806,0.422452454953,,,not_applicable_feature_pair,5,exploratory; correlated measures and heterogeneous assays; no inferential p-value
C070,feature_feature,delta_charge,catalytic_motif_min_ca_distance_8act_mean_ab,17,0,,A797T|D239N|D778V|E497D|F834L|G741R|G768R|H251N|I457T|L781P|R249Q|R403Q|R453C|R663H|R719W|S782N|Y115H,estimated,spearman_tie_aware,0.137410431645,rho,,,,0.0352752589133,0.333511538817,,,not_applicable_feature_pair,5,exploratory; correlated measures and heterogeneous assays; no inferential p-value
C071,feature_feature,delta_charge,wt_site_rsa_8act_mean_ab,16,0,,A797T|D382Y|D778V|E497D|F834L|G768R|H251N|I457T|L781P|P710R|R249Q|R403Q|R663H|R719W|S782N|Y115H,estimated,spearman_tie_aware,0.0958706236059,rho,,,,-0.0845382891079,0.265410907664,,,not_applicable_feature_pair,6,exploratory; correlated measures and heterogeneous assays; no inferential p-value
C072,feature_feature,delta_charge,ihm_interface_flag_8act,16,0,,A797T|D382Y|D778V|E497D|F834L|G768R|H251N|I457T|L781P|P710R|R249Q|R403Q|R663H|R719W|S782N|Y115H,estimated,median_flag1_minus_flag0,0,formal_charge_units,14,2,,-1,1,,,not_applicable_feature_pair,6,exploratory; correlated measures and heterogeneous assays; no inferential p-value
C073,feature_feature,grantham_distance,catalytic_motif_min_ca_distance_8act_mean_ab,17,0,,A797T|D239N|D778V|E497D|F834L|G741R|G768R|H251N|I457T|L781P|R249Q|R403Q|R453C|R663H|R719W|S782N|Y115H,estimated,spearman_tie_aware,0.16441730168,rho,,,,0.0441826694184,0.397644024766,,,not_applicable_feature_pair,5,exploratory; correlated measures and heterogeneous assays; no inferential p-value
C074,feature_feature,grantham_distance,wt_site_rsa_8act_mean_ab,14,0,,A797T|D778V|E497D|F834L|G768R|H251N|I457T|L781P|R249Q|R403Q|R663H|R719W|S782N|Y115H,estimated,spearman_tie_aware,-0.11001106767,rho,,,,-0.371389622319,0.0302613766334,,,not_applicable_feature_pair,8,exploratory; correlated measures and heterogeneous assays; no inferential p-value
C075,feature_feature,grantham_distance,ihm_interface_flag_8act,14,0,,A797T|D778V|E497D|F834L|G768R|H251N|I457T|L781P|R249Q|R403Q|R663H|R719W|S782N|Y115H,fragile_group_n_lt2,median_flag1_minus_flag0,-25,Grantham_1974_score,13,1,,-32.5,-20,,,not_applicable_feature_pair,8,exploratory; correlated measures and heterogeneous assays; no inferential p-value
C076,feature_feature,catalytic_motif_min_ca_distance_8act_mean_ab,wt_site_rsa_8act_mean_ab,14,0,,A797T|D778V|E497D|F834L|G768R|H251N|I457T|L781P|R249Q|R403Q|R663H|R719W|S782N|Y115H,estimated,spearman_tie_aware,0.226373626374,rho,,,,0.0824175824176,0.368131868132,,,not_applicable_feature_pair,8,exploratory; correlated measures and heterogeneous assays; no inferential p-value
C077,feature_feature,catalytic_motif_min_ca_distance_8act_mean_ab,ihm_interface_flag_8act,14,0,,A797T|D778V|E497D|F834L|G768R|H251N|I457T|L781P|R249Q|R403Q|R663H|R719W|S782N|Y115H,fragile_group_n_lt2,median_flag1_minus_flag0,6.04516342254,angstrom,13,1,,2.36207697061,8.37261506084,,,not_applicable_feature_pair,8,exploratory; correlated measures and heterogeneous assays; no inferential p-value
C078,feature_feature,wt_site_rsa_8act_mean_ab,ihm_interface_flag_8act,16,0,,A797T|D382Y|D778V|E497D|F834L|G768R|H251N|I457T|L781P|P710R|R249Q|R403Q|R663H|R719W|S782N|Y115H,estimated,median_flag1_minus_flag0,0.05143361466,fraction_0_to_1,14,2,,0.0266030684495,0.0762641608705,,,not_applicable_feature_pair,6,exploratory; correlated measures and heterogeneous assays; no inferential p-value
