comparison_id,pair_type,x,y,x_kind,y_kind,x_unit,y_unit,n_universe,n_x_available,n_y_available,n_paired,n_missing_x,n_missing_y,n_missing_either,paired_variants,x_study_composition,y_study_composition,missing_x_variants,missing_y_variants
C001,outcome_outcome,kcat_rel,Na_rel,continuous,continuous,ratio,ratio,22,17,16,14,5,6,8,A797T|D778V|E497D|F834L|G768R|H251N|I457T|L781P|R249Q|R403Q|R663H|R719W|S782N|Y115H,adhikari2016:1|adhikari2019:2|kawana2017:1|morck2022:5|nag2015:1|nandwani2025:2|pathak2026:1|sarkar2020:1,adhikari2019:4|morck2022:5|nandwani2025:2|pathak2026:1|sarkar2020:2,D382Y|I467V|M493I|P710R|R671C,D239N|G741R|I467V|M493I|R453C|R671C
C002,outcome_outcome,kcat_rel,v_rel,continuous,continuous,ratio,ratio,22,17,15,14,5,7,8,A797T|D239N|D778V|E497D|F834L|G768R|H251N|I457T|L781P|R403Q|R453C|R663H|S782N|Y115H,adhikari2016:2|adhikari2019:1|morck2022:5|nag2015:1|nandwani2025:2|pathak2026:1|sarkar2020:1|sommese2013:1,adhikari2016:2|adhikari2019:1|morck2022:5|nag2015:1|nandwani2025:2|pathak2026:1|sarkar2020:1|sommese2013:1,D382Y|I467V|M493I|P710R|R671C,D382Y|G741R|I467V|M493I|R249Q|R671C|R719W
C003,outcome_outcome,Na_rel,v_rel,continuous,continuous,ratio,ratio,22,16,15,13,6,7,9,A797T|D778V|E497D|F834L|G768R|H251N|I457T|L781P|P710R|R403Q|R663H|S782N|Y115H,adhikari2019:2|morck2022:5|nandwani2025:2|pathak2026:1|sarkar2020:2|vanderroest2021:1,adhikari2016:1|adhikari2019:1|morck2022:5|nag2015:1|nandwani2025:2|pathak2026:1|sarkar2020:1|vanderroest2021:1,D239N|G741R|I467V|M493I|R453C|R671C,D382Y|G741R|I467V|M493I|R249Q|R671C|R719W
C004,outcome_feature,kcat_rel,adp_rigor_ca_shift_A,continuous,continuous,ratio,angstrom,22,17,20,15,5,2,7,D239N|D778V|E497D|G741R|G768R|H251N|I457T|L781P|R249Q|R403Q|R453C|R663H|R719W|S782N|Y115H,adhikari2016:2|adhikari2019:2|kawana2017:2|morck2022:3|nag2015:1|nandwani2025:2|pathak2026:1|sarkar2020:1|sommese2013:1,,D382Y|I467V|M493I|P710R|R671C,A797T|F834L
C005,outcome_feature,kcat_rel,adp_adenine_ca_distance_8efe_A,continuous,continuous,ratio,angstrom,22,17,20,15,5,2,7,D239N|D778V|E497D|G741R|G768R|H251N|I457T|L781P|R249Q|R403Q|R453C|R663H|R719W|S782N|Y115H,adhikari2016:2|adhikari2019:2|kawana2017:2|morck2022:3|nag2015:1|nandwani2025:2|pathak2026:1|sarkar2020:1|sommese2013:1,,D382Y|I467V|M493I|P710R|R671C,A797T|F834L
C006,outcome_feature,kcat_rel,rigor_actin_min_heavy_distance_8efi_A,continuous,continuous,ratio,angstrom,22,17,19,14,5,3,8,D239N|D778V|E497D|G741R|G768R|H251N|I457T|L781P|R249Q|R403Q|R453C|R663H|R719W|Y115H,adhikari2016:2|adhikari2019:2|kawana2017:2|morck2022:2|nag2015:1|nandwani2025:2|pathak2026:1|sarkar2020:1|sommese2013:1,,D382Y|I467V|M493I|P710R|R671C,A797T|F834L|S782N
C007,outcome_feature,kcat_rel,relay_landmark_min_ca_distance_8act_mean_ab,continuous,continuous,ratio,angstrom,22,17,22,17,5,0,5,A797T|D239N|D778V|E497D|F834L|G741R|G768R|H251N|I457T|L781P|R249Q|R403Q|R453C|R663H|R719W|S782N|Y115H,adhikari2016:2|adhikari2019:2|kawana2017:2|morck2022:5|nag2015:1|nandwani2025:2|pathak2026:1|sarkar2020:1|sommese2013:1,,D382Y|I467V|M493I|P710R|R671C,
C008,outcome_feature,kcat_rel,elc_min_heavy_distance_8act_mean_ab,continuous,continuous,ratio,angstrom,22,17,22,17,5,0,5,A797T|D239N|D778V|E497D|F834L|G741R|G768R|H251N|I457T|L781P|R249Q|R403Q|R453C|R663H|R719W|S782N|Y115H,adhikari2016:2|adhikari2019:2|kawana2017:2|morck2022:5|nag2015:1|nandwani2025:2|pathak2026:1|sarkar2020:1|sommese2013:1,,D382Y|I467V|M493I|P710R|R671C,
C009,outcome_feature,kcat_rel,delta_charge,continuous,ordinal,ratio,formal_charge_units,22,17,19,17,5,3,5,A797T|D239N|D778V|E497D|F834L|G741R|G768R|H251N|I457T|L781P|R249Q|R403Q|R453C|R663H|R719W|S782N|Y115H,adhikari2016:2|adhikari2019:2|kawana2017:2|morck2022:5|nag2015:1|nandwani2025:2|pathak2026:1|sarkar2020:1|sommese2013:1,,D382Y|I467V|M493I|P710R|R671C,I467V|M493I|R671C
C010,outcome_feature,kcat_rel,grantham_distance,continuous,continuous,ratio,Grantham_1974_score,22,17,17,17,5,5,5,A797T|D239N|D778V|E497D|F834L|G741R|G768R|H251N|I457T|L781P|R249Q|R403Q|R453C|R663H|R719W|S782N|Y115H,adhikari2016:2|adhikari2019:2|kawana2017:2|morck2022:5|nag2015:1|nandwani2025:2|pathak2026:1|sarkar2020:1|sommese2013:1,,D382Y|I467V|M493I|P710R|R671C,D382Y|I467V|M493I|P710R|R671C
C011,outcome_feature,kcat_rel,catalytic_motif_min_ca_distance_8act_mean_ab,continuous,continuous,ratio,angstrom,22,17,17,17,5,5,5,A797T|D239N|D778V|E497D|F834L|G741R|G768R|H251N|I457T|L781P|R249Q|R403Q|R453C|R663H|R719W|S782N|Y115H,adhikari2016:2|adhikari2019:2|kawana2017:2|morck2022:5|nag2015:1|nandwani2025:2|pathak2026:1|sarkar2020:1|sommese2013:1,,D382Y|I467V|M493I|P710R|R671C,D382Y|I467V|M493I|P710R|R671C
C012,outcome_feature,kcat_rel,wt_site_rsa_8act_mean_ab,continuous,continuous,ratio,fraction_0_to_1,22,17,16,14,5,6,8,A797T|D778V|E497D|F834L|G768R|H251N|I457T|L781P|R249Q|R403Q|R663H|R719W|S782N|Y115H,adhikari2016:1|adhikari2019:2|kawana2017:1|morck2022:5|nag2015:1|nandwani2025:2|pathak2026:1|sarkar2020:1,,D382Y|I467V|M493I|P710R|R671C,D239N|G741R|I467V|M493I|R453C|R671C
C013,outcome_feature,kcat_rel,ihm_interface_flag_8act,continuous,binary,ratio,0_or_1,22,17,16,14,5,6,8,A797T|D778V|E497D|F834L|G768R|H251N|I457T|L781P|R249Q|R403Q|R663H|R719W|S782N|Y115H,adhikari2016:1|adhikari2019:2|kawana2017:1|morck2022:5|nag2015:1|nandwani2025:2|pathak2026:1|sarkar2020:1,,D382Y|I467V|M493I|P710R|R671C,D239N|G741R|I467V|M493I|R453C|R671C
C014,outcome_feature,Na_rel,adp_rigor_ca_shift_A,continuous,continuous,ratio,angstrom,22,16,20,14,6,2,8,D382Y|D778V|E497D|G768R|H251N|I457T|L781P|P710R|R249Q|R403Q|R663H|R719W|S782N|Y115H,adhikari2019:5|morck2022:3|nandwani2025:2|pathak2026:1|sarkar2020:2|vanderroest2021:1,,D239N|G741R|I467V|M493I|R453C|R671C,A797T|F834L
C015,outcome_feature,Na_rel,adp_adenine_ca_distance_8efe_A,continuous,continuous,ratio,angstrom,22,16,20,14,6,2,8,D382Y|D778V|E497D|G768R|H251N|I457T|L781P|P710R|R249Q|R403Q|R663H|R719W|S782N|Y115H,adhikari2019:5|morck2022:3|nandwani2025:2|pathak2026:1|sarkar2020:2|vanderroest2021:1,,D239N|G741R|I467V|M493I|R453C|R671C,A797T|F834L
C016,outcome_feature,Na_rel,rigor_actin_min_heavy_distance_8efi_A,continuous,continuous,ratio,angstrom,22,16,19,13,6,3,9,D382Y|D778V|E497D|G768R|H251N|I457T|L781P|P710R|R249Q|R403Q|R663H|R719W|Y115H,adhikari2019:5|morck2022:2|nandwani2025:2|pathak2026:1|sarkar2020:2|vanderroest2021:1,,D239N|G741R|I467V|M493I|R453C|R671C,A797T|F834L|S782N
C017,outcome_feature,Na_rel,relay_landmark_min_ca_distance_8act_mean_ab,continuous,continuous,ratio,angstrom,22,16,22,16,6,0,6,A797T|D382Y|D778V|E497D|F834L|G768R|H251N|I457T|L781P|P710R|R249Q|R403Q|R663H|R719W|S782N|Y115H,adhikari2019:5|morck2022:5|nandwani2025:2|pathak2026:1|sarkar2020:2|vanderroest2021:1,,D239N|G741R|I467V|M493I|R453C|R671C,
C018,outcome_feature,Na_rel,elc_min_heavy_distance_8act_mean_ab,continuous,continuous,ratio,angstrom,22,16,22,16,6,0,6,A797T|D382Y|D778V|E497D|F834L|G768R|H251N|I457T|L781P|P710R|R249Q|R403Q|R663H|R719W|S782N|Y115H,adhikari2019:5|morck2022:5|nandwani2025:2|pathak2026:1|sarkar2020:2|vanderroest2021:1,,D239N|G741R|I467V|M493I|R453C|R671C,
C019,outcome_feature,Na_rel,delta_charge,continuous,ordinal,ratio,formal_charge_units,22,16,19,16,6,3,6,A797T|D382Y|D778V|E497D|F834L|G768R|H251N|I457T|L781P|P710R|R249Q|R403Q|R663H|R719W|S782N|Y115H,adhikari2019:5|morck2022:5|nandwani2025:2|pathak2026:1|sarkar2020:2|vanderroest2021:1,,D239N|G741R|I467V|M493I|R453C|R671C,I467V|M493I|R671C
C020,outcome_feature,Na_rel,grantham_distance,continuous,continuous,ratio,Grantham_1974_score,22,16,17,14,6,5,8,A797T|D778V|E497D|F834L|G768R|H251N|I457T|L781P|R249Q|R403Q|R663H|R719W|S782N|Y115H,adhikari2019:4|morck2022:5|nandwani2025:2|pathak2026:1|sarkar2020:2,,D239N|G741R|I467V|M493I|R453C|R671C,D382Y|I467V|M493I|P710R|R671C
C021,outcome_feature,Na_rel,catalytic_motif_min_ca_distance_8act_mean_ab,continuous,continuous,ratio,angstrom,22,16,17,14,6,5,8,A797T|D778V|E497D|F834L|G768R|H251N|I457T|L781P|R249Q|R403Q|R663H|R719W|S782N|Y115H,adhikari2019:4|morck2022:5|nandwani2025:2|pathak2026:1|sarkar2020:2,,D239N|G741R|I467V|M493I|R453C|R671C,D382Y|I467V|M493I|P710R|R671C
C022,outcome_feature,Na_rel,wt_site_rsa_8act_mean_ab,continuous,continuous,ratio,fraction_0_to_1,22,16,16,16,6,6,6,A797T|D382Y|D778V|E497D|F834L|G768R|H251N|I457T|L781P|P710R|R249Q|R403Q|R663H|R719W|S782N|Y115H,adhikari2019:5|morck2022:5|nandwani2025:2|pathak2026:1|sarkar2020:2|vanderroest2021:1,,D239N|G741R|I467V|M493I|R453C|R671C,D239N|G741R|I467V|M493I|R453C|R671C
C023,outcome_feature,Na_rel,ihm_interface_flag_8act,continuous,binary,ratio,0_or_1,22,16,16,16,6,6,6,A797T|D382Y|D778V|E497D|F834L|G768R|H251N|I457T|L781P|P710R|R249Q|R403Q|R663H|R719W|S782N|Y115H,adhikari2019:5|morck2022:5|nandwani2025:2|pathak2026:1|sarkar2020:2|vanderroest2021:1,,D239N|G741R|I467V|M493I|R453C|R671C,D239N|G741R|I467V|M493I|R453C|R671C
C024,outcome_feature,v_rel,adp_rigor_ca_shift_A,continuous,continuous,ratio,angstrom,22,15,20,13,7,2,9,D239N|D778V|E497D|G768R|H251N|I457T|L781P|P710R|R403Q|R453C|R663H|S782N|Y115H,adhikari2016:2|adhikari2019:1|morck2022:3|nag2015:1|nandwani2025:2|pathak2026:1|sarkar2020:1|sommese2013:1|vanderroest2021:1,,D382Y|G741R|I467V|M493I|R249Q|R671C|R719W,A797T|F834L
C025,outcome_feature,v_rel,adp_adenine_ca_distance_8efe_A,continuous,continuous,ratio,angstrom,22,15,20,13,7,2,9,D239N|D778V|E497D|G768R|H251N|I457T|L781P|P710R|R403Q|R453C|R663H|S782N|Y115H,adhikari2016:2|adhikari2019:1|morck2022:3|nag2015:1|nandwani2025:2|pathak2026:1|sarkar2020:1|sommese2013:1|vanderroest2021:1,,D382Y|G741R|I467V|M493I|R249Q|R671C|R719W,A797T|F834L
C026,outcome_feature,v_rel,rigor_actin_min_heavy_distance_8efi_A,continuous,continuous,ratio,angstrom,22,15,19,12,7,3,10,D239N|D778V|E497D|G768R|H251N|I457T|L781P|P710R|R403Q|R453C|R663H|Y115H,adhikari2016:2|adhikari2019:1|morck2022:2|nag2015:1|nandwani2025:2|pathak2026:1|sarkar2020:1|sommese2013:1|vanderroest2021:1,,D382Y|G741R|I467V|M493I|R249Q|R671C|R719W,A797T|F834L|S782N
C027,outcome_feature,v_rel,relay_landmark_min_ca_distance_8act_mean_ab,continuous,continuous,ratio,angstrom,22,15,22,15,7,0,7,A797T|D239N|D778V|E497D|F834L|G768R|H251N|I457T|L781P|P710R|R403Q|R453C|R663H|S782N|Y115H,adhikari2016:2|adhikari2019:1|morck2022:5|nag2015:1|nandwani2025:2|pathak2026:1|sarkar2020:1|sommese2013:1|vanderroest2021:1,,D382Y|G741R|I467V|M493I|R249Q|R671C|R719W,
C028,outcome_feature,v_rel,elc_min_heavy_distance_8act_mean_ab,continuous,continuous,ratio,angstrom,22,15,22,15,7,0,7,A797T|D239N|D778V|E497D|F834L|G768R|H251N|I457T|L781P|P710R|R403Q|R453C|R663H|S782N|Y115H,adhikari2016:2|adhikari2019:1|morck2022:5|nag2015:1|nandwani2025:2|pathak2026:1|sarkar2020:1|sommese2013:1|vanderroest2021:1,,D382Y|G741R|I467V|M493I|R249Q|R671C|R719W,
C029,outcome_feature,v_rel,delta_charge,continuous,ordinal,ratio,formal_charge_units,22,15,19,15,7,3,7,A797T|D239N|D778V|E497D|F834L|G768R|H251N|I457T|L781P|P710R|R403Q|R453C|R663H|S782N|Y115H,adhikari2016:2|adhikari2019:1|morck2022:5|nag2015:1|nandwani2025:2|pathak2026:1|sarkar2020:1|sommese2013:1|vanderroest2021:1,,D382Y|G741R|I467V|M493I|R249Q|R671C|R719W,I467V|M493I|R671C
C030,outcome_feature,v_rel,grantham_distance,continuous,continuous,ratio,Grantham_1974_score,22,15,17,14,7,5,8,A797T|D239N|D778V|E497D|F834L|G768R|H251N|I457T|L781P|R403Q|R453C|R663H|S782N|Y115H,adhikari2016:2|adhikari2019:1|morck2022:5|nag2015:1|nandwani2025:2|pathak2026:1|sarkar2020:1|sommese2013:1,,D382Y|G741R|I467V|M493I|R249Q|R671C|R719W,D382Y|I467V|M493I|P710R|R671C
C031,outcome_feature,v_rel,catalytic_motif_min_ca_distance_8act_mean_ab,continuous,continuous,ratio,angstrom,22,15,17,14,7,5,8,A797T|D239N|D778V|E497D|F834L|G768R|H251N|I457T|L781P|R403Q|R453C|R663H|S782N|Y115H,adhikari2016:2|adhikari2019:1|morck2022:5|nag2015:1|nandwani2025:2|pathak2026:1|sarkar2020:1|sommese2013:1,,D382Y|G741R|I467V|M493I|R249Q|R671C|R719W,D382Y|I467V|M493I|P710R|R671C
C032,outcome_feature,v_rel,wt_site_rsa_8act_mean_ab,continuous,continuous,ratio,fraction_0_to_1,22,15,16,13,7,6,9,A797T|D778V|E497D|F834L|G768R|H251N|I457T|L781P|P710R|R403Q|R663H|S782N|Y115H,adhikari2016:1|adhikari2019:1|morck2022:5|nag2015:1|nandwani2025:2|pathak2026:1|sarkar2020:1|vanderroest2021:1,,D382Y|G741R|I467V|M493I|R249Q|R671C|R719W,D239N|G741R|I467V|M493I|R453C|R671C
C033,outcome_feature,v_rel,ihm_interface_flag_8act,continuous,binary,ratio,0_or_1,22,15,16,13,7,6,9,A797T|D778V|E497D|F834L|G768R|H251N|I457T|L781P|P710R|R403Q|R663H|S782N|Y115H,adhikari2016:1|adhikari2019:1|morck2022:5|nag2015:1|nandwani2025:2|pathak2026:1|sarkar2020:1|vanderroest2021:1,,D382Y|G741R|I467V|M493I|R249Q|R671C|R719W,D239N|G741R|I467V|M493I|R453C|R671C
C034,feature_feature,adp_rigor_ca_shift_A,adp_adenine_ca_distance_8efe_A,continuous,continuous,angstrom,angstrom,22,20,20,20,2,2,2,D239N|D382Y|D778V|E497D|G741R|G768R|H251N|I457T|I467V|L781P|M493I|P710R|R249Q|R403Q|R453C|R663H|R671C|R719W|S782N|Y115H,,,A797T|F834L,A797T|F834L
C035,feature_feature,adp_rigor_ca_shift_A,rigor_actin_min_heavy_distance_8efi_A,continuous,continuous,angstrom,angstrom,22,20,19,19,2,3,3,D239N|D382Y|D778V|E497D|G741R|G768R|H251N|I457T|I467V|L781P|M493I|P710R|R249Q|R403Q|R453C|R663H|R671C|R719W|Y115H,,,A797T|F834L,A797T|F834L|S782N
C036,feature_feature,adp_rigor_ca_shift_A,relay_landmark_min_ca_distance_8act_mean_ab,continuous,continuous,angstrom,angstrom,22,20,22,20,2,0,2,D239N|D382Y|D778V|E497D|G741R|G768R|H251N|I457T|I467V|L781P|M493I|P710R|R249Q|R403Q|R453C|R663H|R671C|R719W|S782N|Y115H,,,A797T|F834L,
C037,feature_feature,adp_rigor_ca_shift_A,elc_min_heavy_distance_8act_mean_ab,continuous,continuous,angstrom,angstrom,22,20,22,20,2,0,2,D239N|D382Y|D778V|E497D|G741R|G768R|H251N|I457T|I467V|L781P|M493I|P710R|R249Q|R403Q|R453C|R663H|R671C|R719W|S782N|Y115H,,,A797T|F834L,
C038,feature_feature,adp_rigor_ca_shift_A,delta_charge,continuous,ordinal,angstrom,formal_charge_units,22,20,19,17,2,3,5,D239N|D382Y|D778V|E497D|G741R|G768R|H251N|I457T|L781P|P710R|R249Q|R403Q|R453C|R663H|R719W|S782N|Y115H,,,A797T|F834L,I467V|M493I|R671C
C039,feature_feature,adp_rigor_ca_shift_A,grantham_distance,continuous,continuous,angstrom,Grantham_1974_score,22,20,17,15,2,5,7,D239N|D778V|E497D|G741R|G768R|H251N|I457T|L781P|R249Q|R403Q|R453C|R663H|R719W|S782N|Y115H,,,A797T|F834L,D382Y|I467V|M493I|P710R|R671C
C040,feature_feature,adp_rigor_ca_shift_A,catalytic_motif_min_ca_distance_8act_mean_ab,continuous,continuous,angstrom,angstrom,22,20,17,15,2,5,7,D239N|D778V|E497D|G741R|G768R|H251N|I457T|L781P|R249Q|R403Q|R453C|R663H|R719W|S782N|Y115H,,,A797T|F834L,D382Y|I467V|M493I|P710R|R671C
C041,feature_feature,adp_rigor_ca_shift_A,wt_site_rsa_8act_mean_ab,continuous,continuous,angstrom,fraction_0_to_1,22,20,16,14,2,6,8,D382Y|D778V|E497D|G768R|H251N|I457T|L781P|P710R|R249Q|R403Q|R663H|R719W|S782N|Y115H,,,A797T|F834L,D239N|G741R|I467V|M493I|R453C|R671C
C042,feature_feature,adp_rigor_ca_shift_A,ihm_interface_flag_8act,continuous,binary,angstrom,0_or_1,22,20,16,14,2,6,8,D382Y|D778V|E497D|G768R|H251N|I457T|L781P|P710R|R249Q|R403Q|R663H|R719W|S782N|Y115H,,,A797T|F834L,D239N|G741R|I467V|M493I|R453C|R671C
C043,feature_feature,adp_adenine_ca_distance_8efe_A,rigor_actin_min_heavy_distance_8efi_A,continuous,continuous,angstrom,angstrom,22,20,19,19,2,3,3,D239N|D382Y|D778V|E497D|G741R|G768R|H251N|I457T|I467V|L781P|M493I|P710R|R249Q|R403Q|R453C|R663H|R671C|R719W|Y115H,,,A797T|F834L,A797T|F834L|S782N
C044,feature_feature,adp_adenine_ca_distance_8efe_A,relay_landmark_min_ca_distance_8act_mean_ab,continuous,continuous,angstrom,angstrom,22,20,22,20,2,0,2,D239N|D382Y|D778V|E497D|G741R|G768R|H251N|I457T|I467V|L781P|M493I|P710R|R249Q|R403Q|R453C|R663H|R671C|R719W|S782N|Y115H,,,A797T|F834L,
C045,feature_feature,adp_adenine_ca_distance_8efe_A,elc_min_heavy_distance_8act_mean_ab,continuous,continuous,angstrom,angstrom,22,20,22,20,2,0,2,D239N|D382Y|D778V|E497D|G741R|G768R|H251N|I457T|I467V|L781P|M493I|P710R|R249Q|R403Q|R453C|R663H|R671C|R719W|S782N|Y115H,,,A797T|F834L,
C046,feature_feature,adp_adenine_ca_distance_8efe_A,delta_charge,continuous,ordinal,angstrom,formal_charge_units,22,20,19,17,2,3,5,D239N|D382Y|D778V|E497D|G741R|G768R|H251N|I457T|L781P|P710R|R249Q|R403Q|R453C|R663H|R719W|S782N|Y115H,,,A797T|F834L,I467V|M493I|R671C
C047,feature_feature,adp_adenine_ca_distance_8efe_A,grantham_distance,continuous,continuous,angstrom,Grantham_1974_score,22,20,17,15,2,5,7,D239N|D778V|E497D|G741R|G768R|H251N|I457T|L781P|R249Q|R403Q|R453C|R663H|R719W|S782N|Y115H,,,A797T|F834L,D382Y|I467V|M493I|P710R|R671C
C048,feature_feature,adp_adenine_ca_distance_8efe_A,catalytic_motif_min_ca_distance_8act_mean_ab,continuous,continuous,angstrom,angstrom,22,20,17,15,2,5,7,D239N|D778V|E497D|G741R|G768R|H251N|I457T|L781P|R249Q|R403Q|R453C|R663H|R719W|S782N|Y115H,,,A797T|F834L,D382Y|I467V|M493I|P710R|R671C
C049,feature_feature,adp_adenine_ca_distance_8efe_A,wt_site_rsa_8act_mean_ab,continuous,continuous,angstrom,fraction_0_to_1,22,20,16,14,2,6,8,D382Y|D778V|E497D|G768R|H251N|I457T|L781P|P710R|R249Q|R403Q|R663H|R719W|S782N|Y115H,,,A797T|F834L,D239N|G741R|I467V|M493I|R453C|R671C
C050,feature_feature,adp_adenine_ca_distance_8efe_A,ihm_interface_flag_8act,continuous,binary,angstrom,0_or_1,22,20,16,14,2,6,8,D382Y|D778V|E497D|G768R|H251N|I457T|L781P|P710R|R249Q|R403Q|R663H|R719W|S782N|Y115H,,,A797T|F834L,D239N|G741R|I467V|M493I|R453C|R671C
C051,feature_feature,rigor_actin_min_heavy_distance_8efi_A,relay_landmark_min_ca_distance_8act_mean_ab,continuous,continuous,angstrom,angstrom,22,19,22,19,3,0,3,D239N|D382Y|D778V|E497D|G741R|G768R|H251N|I457T|I467V|L781P|M493I|P710R|R249Q|R403Q|R453C|R663H|R671C|R719W|Y115H,,,A797T|F834L|S782N,
C052,feature_feature,rigor_actin_min_heavy_distance_8efi_A,elc_min_heavy_distance_8act_mean_ab,continuous,continuous,angstrom,angstrom,22,19,22,19,3,0,3,D239N|D382Y|D778V|E497D|G741R|G768R|H251N|I457T|I467V|L781P|M493I|P710R|R249Q|R403Q|R453C|R663H|R671C|R719W|Y115H,,,A797T|F834L|S782N,
C053,feature_feature,rigor_actin_min_heavy_distance_8efi_A,delta_charge,continuous,ordinal,angstrom,formal_charge_units,22,19,19,16,3,3,6,D239N|D382Y|D778V|E497D|G741R|G768R|H251N|I457T|L781P|P710R|R249Q|R403Q|R453C|R663H|R719W|Y115H,,,A797T|F834L|S782N,I467V|M493I|R671C
C054,feature_feature,rigor_actin_min_heavy_distance_8efi_A,grantham_distance,continuous,continuous,angstrom,Grantham_1974_score,22,19,17,14,3,5,8,D239N|D778V|E497D|G741R|G768R|H251N|I457T|L781P|R249Q|R403Q|R453C|R663H|R719W|Y115H,,,A797T|F834L|S782N,D382Y|I467V|M493I|P710R|R671C
C055,feature_feature,rigor_actin_min_heavy_distance_8efi_A,catalytic_motif_min_ca_distance_8act_mean_ab,continuous,continuous,angstrom,angstrom,22,19,17,14,3,5,8,D239N|D778V|E497D|G741R|G768R|H251N|I457T|L781P|R249Q|R403Q|R453C|R663H|R719W|Y115H,,,A797T|F834L|S782N,D382Y|I467V|M493I|P710R|R671C
C056,feature_feature,rigor_actin_min_heavy_distance_8efi_A,wt_site_rsa_8act_mean_ab,continuous,continuous,angstrom,fraction_0_to_1,22,19,16,13,3,6,9,D382Y|D778V|E497D|G768R|H251N|I457T|L781P|P710R|R249Q|R403Q|R663H|R719W|Y115H,,,A797T|F834L|S782N,D239N|G741R|I467V|M493I|R453C|R671C
C057,feature_feature,rigor_actin_min_heavy_distance_8efi_A,ihm_interface_flag_8act,continuous,binary,angstrom,0_or_1,22,19,16,13,3,6,9,D382Y|D778V|E497D|G768R|H251N|I457T|L781P|P710R|R249Q|R403Q|R663H|R719W|Y115H,,,A797T|F834L|S782N,D239N|G741R|I467V|M493I|R453C|R671C
C058,feature_feature,relay_landmark_min_ca_distance_8act_mean_ab,elc_min_heavy_distance_8act_mean_ab,continuous,continuous,angstrom,angstrom,22,22,22,22,0,0,0,A797T|D239N|D382Y|D778V|E497D|F834L|G741R|G768R|H251N|I457T|I467V|L781P|M493I|P710R|R249Q|R403Q|R453C|R663H|R671C|R719W|S782N|Y115H,,,,
C059,feature_feature,relay_landmark_min_ca_distance_8act_mean_ab,delta_charge,continuous,ordinal,angstrom,formal_charge_units,22,22,19,19,0,3,3,A797T|D239N|D382Y|D778V|E497D|F834L|G741R|G768R|H251N|I457T|L781P|P710R|R249Q|R403Q|R453C|R663H|R719W|S782N|Y115H,,,,I467V|M493I|R671C
C060,feature_feature,relay_landmark_min_ca_distance_8act_mean_ab,grantham_distance,continuous,continuous,angstrom,Grantham_1974_score,22,22,17,17,0,5,5,A797T|D239N|D778V|E497D|F834L|G741R|G768R|H251N|I457T|L781P|R249Q|R403Q|R453C|R663H|R719W|S782N|Y115H,,,,D382Y|I467V|M493I|P710R|R671C
C061,feature_feature,relay_landmark_min_ca_distance_8act_mean_ab,catalytic_motif_min_ca_distance_8act_mean_ab,continuous,continuous,angstrom,angstrom,22,22,17,17,0,5,5,A797T|D239N|D778V|E497D|F834L|G741R|G768R|H251N|I457T|L781P|R249Q|R403Q|R453C|R663H|R719W|S782N|Y115H,,,,D382Y|I467V|M493I|P710R|R671C
C062,feature_feature,relay_landmark_min_ca_distance_8act_mean_ab,wt_site_rsa_8act_mean_ab,continuous,continuous,angstrom,fraction_0_to_1,22,22,16,16,0,6,6,A797T|D382Y|D778V|E497D|F834L|G768R|H251N|I457T|L781P|P710R|R249Q|R403Q|R663H|R719W|S782N|Y115H,,,,D239N|G741R|I467V|M493I|R453C|R671C
C063,feature_feature,relay_landmark_min_ca_distance_8act_mean_ab,ihm_interface_flag_8act,continuous,binary,angstrom,0_or_1,22,22,16,16,0,6,6,A797T|D382Y|D778V|E497D|F834L|G768R|H251N|I457T|L781P|P710R|R249Q|R403Q|R663H|R719W|S782N|Y115H,,,,D239N|G741R|I467V|M493I|R453C|R671C
C064,feature_feature,elc_min_heavy_distance_8act_mean_ab,delta_charge,continuous,ordinal,angstrom,formal_charge_units,22,22,19,19,0,3,3,A797T|D239N|D382Y|D778V|E497D|F834L|G741R|G768R|H251N|I457T|L781P|P710R|R249Q|R403Q|R453C|R663H|R719W|S782N|Y115H,,,,I467V|M493I|R671C
C065,feature_feature,elc_min_heavy_distance_8act_mean_ab,grantham_distance,continuous,continuous,angstrom,Grantham_1974_score,22,22,17,17,0,5,5,A797T|D239N|D778V|E497D|F834L|G741R|G768R|H251N|I457T|L781P|R249Q|R403Q|R453C|R663H|R719W|S782N|Y115H,,,,D382Y|I467V|M493I|P710R|R671C
C066,feature_feature,elc_min_heavy_distance_8act_mean_ab,catalytic_motif_min_ca_distance_8act_mean_ab,continuous,continuous,angstrom,angstrom,22,22,17,17,0,5,5,A797T|D239N|D778V|E497D|F834L|G741R|G768R|H251N|I457T|L781P|R249Q|R403Q|R453C|R663H|R719W|S782N|Y115H,,,,D382Y|I467V|M493I|P710R|R671C
C067,feature_feature,elc_min_heavy_distance_8act_mean_ab,wt_site_rsa_8act_mean_ab,continuous,continuous,angstrom,fraction_0_to_1,22,22,16,16,0,6,6,A797T|D382Y|D778V|E497D|F834L|G768R|H251N|I457T|L781P|P710R|R249Q|R403Q|R663H|R719W|S782N|Y115H,,,,D239N|G741R|I467V|M493I|R453C|R671C
C068,feature_feature,elc_min_heavy_distance_8act_mean_ab,ihm_interface_flag_8act,continuous,binary,angstrom,0_or_1,22,22,16,16,0,6,6,A797T|D382Y|D778V|E497D|F834L|G768R|H251N|I457T|L781P|P710R|R249Q|R403Q|R663H|R719W|S782N|Y115H,,,,D239N|G741R|I467V|M493I|R453C|R671C
C069,feature_feature,delta_charge,grantham_distance,ordinal,continuous,formal_charge_units,Grantham_1974_score,22,19,17,17,3,5,5,A797T|D239N|D778V|E497D|F834L|G741R|G768R|H251N|I457T|L781P|R249Q|R403Q|R453C|R663H|R719W|S782N|Y115H,,,I467V|M493I|R671C,D382Y|I467V|M493I|P710R|R671C
C070,feature_feature,delta_charge,catalytic_motif_min_ca_distance_8act_mean_ab,ordinal,continuous,formal_charge_units,angstrom,22,19,17,17,3,5,5,A797T|D239N|D778V|E497D|F834L|G741R|G768R|H251N|I457T|L781P|R249Q|R403Q|R453C|R663H|R719W|S782N|Y115H,,,I467V|M493I|R671C,D382Y|I467V|M493I|P710R|R671C
C071,feature_feature,delta_charge,wt_site_rsa_8act_mean_ab,ordinal,continuous,formal_charge_units,fraction_0_to_1,22,19,16,16,3,6,6,A797T|D382Y|D778V|E497D|F834L|G768R|H251N|I457T|L781P|P710R|R249Q|R403Q|R663H|R719W|S782N|Y115H,,,I467V|M493I|R671C,D239N|G741R|I467V|M493I|R453C|R671C
C072,feature_feature,delta_charge,ihm_interface_flag_8act,ordinal,binary,formal_charge_units,0_or_1,22,19,16,16,3,6,6,A797T|D382Y|D778V|E497D|F834L|G768R|H251N|I457T|L781P|P710R|R249Q|R403Q|R663H|R719W|S782N|Y115H,,,I467V|M493I|R671C,D239N|G741R|I467V|M493I|R453C|R671C
C073,feature_feature,grantham_distance,catalytic_motif_min_ca_distance_8act_mean_ab,continuous,continuous,Grantham_1974_score,angstrom,22,17,17,17,5,5,5,A797T|D239N|D778V|E497D|F834L|G741R|G768R|H251N|I457T|L781P|R249Q|R403Q|R453C|R663H|R719W|S782N|Y115H,,,D382Y|I467V|M493I|P710R|R671C,D382Y|I467V|M493I|P710R|R671C
C074,feature_feature,grantham_distance,wt_site_rsa_8act_mean_ab,continuous,continuous,Grantham_1974_score,fraction_0_to_1,22,17,16,14,5,6,8,A797T|D778V|E497D|F834L|G768R|H251N|I457T|L781P|R249Q|R403Q|R663H|R719W|S782N|Y115H,,,D382Y|I467V|M493I|P710R|R671C,D239N|G741R|I467V|M493I|R453C|R671C
C075,feature_feature,grantham_distance,ihm_interface_flag_8act,continuous,binary,Grantham_1974_score,0_or_1,22,17,16,14,5,6,8,A797T|D778V|E497D|F834L|G768R|H251N|I457T|L781P|R249Q|R403Q|R663H|R719W|S782N|Y115H,,,D382Y|I467V|M493I|P710R|R671C,D239N|G741R|I467V|M493I|R453C|R671C
C076,feature_feature,catalytic_motif_min_ca_distance_8act_mean_ab,wt_site_rsa_8act_mean_ab,continuous,continuous,angstrom,fraction_0_to_1,22,17,16,14,5,6,8,A797T|D778V|E497D|F834L|G768R|H251N|I457T|L781P|R249Q|R403Q|R663H|R719W|S782N|Y115H,,,D382Y|I467V|M493I|P710R|R671C,D239N|G741R|I467V|M493I|R453C|R671C
C077,feature_feature,catalytic_motif_min_ca_distance_8act_mean_ab,ihm_interface_flag_8act,continuous,binary,angstrom,0_or_1,22,17,16,14,5,6,8,A797T|D778V|E497D|F834L|G768R|H251N|I457T|L781P|R249Q|R403Q|R663H|R719W|S782N|Y115H,,,D382Y|I467V|M493I|P710R|R671C,D239N|G741R|I467V|M493I|R453C|R671C
C078,feature_feature,wt_site_rsa_8act_mean_ab,ihm_interface_flag_8act,continuous,binary,fraction_0_to_1,0_or_1,22,16,16,16,6,6,6,A797T|D382Y|D778V|E497D|F834L|G768R|H251N|I457T|L781P|P710R|R249Q|R403Q|R663H|R719W|S782N|Y115H,,,D239N|G741R|I467V|M493I|R453C|R671C,D239N|G741R|I467V|M493I|R453C|R671C
