variant,feature,available,missing_reason
A797T,adp_rigor_ca_shift_A,0,site_not_observed_in_8EFE_or_8EFD
A797T,adp_adenine_ca_distance_8efe_A,0,site_not_observed_in_8EFE
A797T,rigor_actin_min_heavy_distance_8efi_A,0,site_not_observed_in_8EFI
A797T,relay_landmark_min_ca_distance_8act_mean_ab,1,
A797T,elc_min_heavy_distance_8act_mean_ab,1,
D239N,adp_rigor_ca_shift_A,1,
D239N,adp_adenine_ca_distance_8efe_A,1,
D239N,rigor_actin_min_heavy_distance_8efi_A,1,
D239N,relay_landmark_min_ca_distance_8act_mean_ab,1,
D239N,elc_min_heavy_distance_8act_mean_ab,1,
D382Y,adp_rigor_ca_shift_A,1,
D382Y,adp_adenine_ca_distance_8efe_A,1,
D382Y,rigor_actin_min_heavy_distance_8efi_A,1,
D382Y,relay_landmark_min_ca_distance_8act_mean_ab,1,
D382Y,elc_min_heavy_distance_8act_mean_ab,1,
D778V,adp_rigor_ca_shift_A,1,
D778V,adp_adenine_ca_distance_8efe_A,1,
D778V,rigor_actin_min_heavy_distance_8efi_A,1,
D778V,relay_landmark_min_ca_distance_8act_mean_ab,1,
D778V,elc_min_heavy_distance_8act_mean_ab,1,
E497D,adp_rigor_ca_shift_A,1,
E497D,adp_adenine_ca_distance_8efe_A,1,
E497D,rigor_actin_min_heavy_distance_8efi_A,1,
E497D,relay_landmark_min_ca_distance_8act_mean_ab,1,
E497D,elc_min_heavy_distance_8act_mean_ab,1,
F834L,adp_rigor_ca_shift_A,0,site_not_observed_in_8EFE_or_8EFD
F834L,adp_adenine_ca_distance_8efe_A,0,site_not_observed_in_8EFE
F834L,rigor_actin_min_heavy_distance_8efi_A,0,site_not_observed_in_8EFI
F834L,relay_landmark_min_ca_distance_8act_mean_ab,1,
F834L,elc_min_heavy_distance_8act_mean_ab,1,
G741R,adp_rigor_ca_shift_A,1,
G741R,adp_adenine_ca_distance_8efe_A,1,
G741R,rigor_actin_min_heavy_distance_8efi_A,1,
G741R,relay_landmark_min_ca_distance_8act_mean_ab,1,
G741R,elc_min_heavy_distance_8act_mean_ab,1,
G768R,adp_rigor_ca_shift_A,1,
G768R,adp_adenine_ca_distance_8efe_A,1,
G768R,rigor_actin_min_heavy_distance_8efi_A,1,
G768R,relay_landmark_min_ca_distance_8act_mean_ab,1,
G768R,elc_min_heavy_distance_8act_mean_ab,1,
H251N,adp_rigor_ca_shift_A,1,
H251N,adp_adenine_ca_distance_8efe_A,1,
H251N,rigor_actin_min_heavy_distance_8efi_A,1,
H251N,relay_landmark_min_ca_distance_8act_mean_ab,1,
H251N,elc_min_heavy_distance_8act_mean_ab,1,
I457T,adp_rigor_ca_shift_A,1,
I457T,adp_adenine_ca_distance_8efe_A,1,
I457T,rigor_actin_min_heavy_distance_8efi_A,1,
I457T,relay_landmark_min_ca_distance_8act_mean_ab,1,
I457T,elc_min_heavy_distance_8act_mean_ab,1,
I467V,adp_rigor_ca_shift_A,1,
I467V,adp_adenine_ca_distance_8efe_A,1,
I467V,rigor_actin_min_heavy_distance_8efi_A,1,
I467V,relay_landmark_min_ca_distance_8act_mean_ab,1,
I467V,elc_min_heavy_distance_8act_mean_ab,1,
L781P,adp_rigor_ca_shift_A,1,
L781P,adp_adenine_ca_distance_8efe_A,1,
L781P,rigor_actin_min_heavy_distance_8efi_A,1,
L781P,relay_landmark_min_ca_distance_8act_mean_ab,1,
L781P,elc_min_heavy_distance_8act_mean_ab,1,
M493I,adp_rigor_ca_shift_A,1,
M493I,adp_adenine_ca_distance_8efe_A,1,
M493I,rigor_actin_min_heavy_distance_8efi_A,1,
M493I,relay_landmark_min_ca_distance_8act_mean_ab,1,
M493I,elc_min_heavy_distance_8act_mean_ab,1,
P710R,adp_rigor_ca_shift_A,1,
P710R,adp_adenine_ca_distance_8efe_A,1,
P710R,rigor_actin_min_heavy_distance_8efi_A,1,
P710R,relay_landmark_min_ca_distance_8act_mean_ab,1,
P710R,elc_min_heavy_distance_8act_mean_ab,1,
R249Q,adp_rigor_ca_shift_A,1,
R249Q,adp_adenine_ca_distance_8efe_A,1,
R249Q,rigor_actin_min_heavy_distance_8efi_A,1,
R249Q,relay_landmark_min_ca_distance_8act_mean_ab,1,
R249Q,elc_min_heavy_distance_8act_mean_ab,1,
R403Q,adp_rigor_ca_shift_A,1,
R403Q,adp_adenine_ca_distance_8efe_A,1,
R403Q,rigor_actin_min_heavy_distance_8efi_A,1,
R403Q,relay_landmark_min_ca_distance_8act_mean_ab,1,
R403Q,elc_min_heavy_distance_8act_mean_ab,1,
R453C,adp_rigor_ca_shift_A,1,
R453C,adp_adenine_ca_distance_8efe_A,1,
R453C,rigor_actin_min_heavy_distance_8efi_A,1,
R453C,relay_landmark_min_ca_distance_8act_mean_ab,1,
R453C,elc_min_heavy_distance_8act_mean_ab,1,
R663H,adp_rigor_ca_shift_A,1,
R663H,adp_adenine_ca_distance_8efe_A,1,
R663H,rigor_actin_min_heavy_distance_8efi_A,1,
R663H,relay_landmark_min_ca_distance_8act_mean_ab,1,
R663H,elc_min_heavy_distance_8act_mean_ab,1,
R671C,adp_rigor_ca_shift_A,1,
R671C,adp_adenine_ca_distance_8efe_A,1,
R671C,rigor_actin_min_heavy_distance_8efi_A,1,
R671C,relay_landmark_min_ca_distance_8act_mean_ab,1,
R671C,elc_min_heavy_distance_8act_mean_ab,1,
R719W,adp_rigor_ca_shift_A,1,
R719W,adp_adenine_ca_distance_8efe_A,1,
R719W,rigor_actin_min_heavy_distance_8efi_A,1,
R719W,relay_landmark_min_ca_distance_8act_mean_ab,1,
R719W,elc_min_heavy_distance_8act_mean_ab,1,
S782N,adp_rigor_ca_shift_A,1,
S782N,adp_adenine_ca_distance_8efe_A,1,
S782N,rigor_actin_min_heavy_distance_8efi_A,0,site_not_observed_in_8EFI
S782N,relay_landmark_min_ca_distance_8act_mean_ab,1,
S782N,elc_min_heavy_distance_8act_mean_ab,1,
Y115H,adp_rigor_ca_shift_A,1,
Y115H,adp_adenine_ca_distance_8efe_A,1,
Y115H,rigor_actin_min_heavy_distance_8efi_A,1,
Y115H,relay_landmark_min_ca_distance_8act_mean_ab,1,
Y115H,elc_min_heavy_distance_8act_mean_ab,1,
