variant,adp_rigor_ca_shift_A,adp_adenine_ca_distance_8efe_A,rigor_actin_min_heavy_distance_8efi_A,relay_landmark_min_ca_distance_8act_mean_ab,elc_min_heavy_distance_8act_mean_ab
A797T,,,,52.462266922,3.156838916
D239N,0.647845688,13.403061292,35.055819859,35.685035706,38.631224062
D382Y,1.074311125,45.385706627,23.146598433,63.235746384,58.317239874
D778V,8.86589456,40.463212935,49.423230469,28.416404724,5.919902893
E497D,2.321440558,33.041275717,35.006758447,0.0,22.479331336
F834L,,,,91.854549408,29.13726394
G741R,7.082193584,50.536779052,59.812430589,17.866434097,12.707218468
G768R,4.944418844,37.221601537,41.371189951,17.450050354,17.509287479
H251N,0.549455682,25.169257061,33.494749156,27.890908241,13.811298229
I457T,0.514728554,21.837342352,34.656604638,22.242405891,12.500166133
I467V,1.229711029,21.332175956,25.12088623,26.474781036,43.063935422
L781P,9.189484579,44.222855912,54.824513176,31.056694984,3.36913415
M493I,1.565772466,28.201165455,31.105244076,6.19353199,23.688039216
P710R,4.618472905,32.007836947,42.843603397,8.58924818,18.87526729
R249Q,0.32951951,21.010504373,29.534631079,26.015706062,18.980836575
R403Q,0.423043993,51.830841456,6.824444959,58.937068939,59.339271569
R453C,0.593341729,30.254764402,35.183105321,30.65838623,10.360766721
R663H,0.470765238,28.386762514,18.430391993,13.299701691,21.301204586
R671C,1.341872897,12.481364389,31.945815375,18.444245338,25.784122897
R719W,8.406363571,43.651493651,59.390799237,18.235423088,6.05199896
S782N,9.627779674,44.593384453,,33.881681442,4.56841049
Y115H,1.001480582,10.592775132,46.983964392,25.090517044,23.217351996
