measurement_id,variant,source_id,source_workbook,source_sheet,summary_cell,wt_workbook_row,mutant_workbook_row,date,slide_id,wt_context_id,wt_velocity_nm_s,mutant_velocity_nm_s,v_rel,biological_prep_id
VM001,D778V,morck2022,https://cdn.elifesciences.org/articles/76805/elife-76805-fig3-data1-v1.xlsx,Fig. 3F In vitro motility,B5,41,42,2020-06-06,2020-06-06-slide1,morck2022-fig3f-row41,1059,1495,1.411709159585,unavailable
VM002,D778V,morck2022,https://cdn.elifesciences.org/articles/76805/elife-76805-fig3-data1-v1.xlsx,Fig. 3F In vitro motility,B6,46,47,2020-06-06,2020-06-06-slide2,morck2022-fig3f-row46,1168,1615,1.382705479452,unavailable
VM003,D778V,morck2022,https://cdn.elifesciences.org/articles/76805/elife-76805-fig3-data1-v1.xlsx,Fig. 3F In vitro motility,B7,81,82,2021-05-03,2021-05-03-slide1,morck2022-fig3f-row81,1092,1585,1.451465201465,unavailable
VM004,D778V,morck2022,https://cdn.elifesciences.org/articles/76805/elife-76805-fig3-data1-v1.xlsx,Fig. 3F In vitro motility,B8,88,89,2021-05-03,2021-05-03-slide2,morck2022-fig3f-row88,1033,1648,1.595353339787,unavailable
VM005,D778V,morck2022,https://cdn.elifesciences.org/articles/76805/elife-76805-fig3-data1-v1.xlsx,Fig. 3F In vitro motility,B9,95,96,2021-05-03,2021-05-03-slide3,morck2022-fig3f-row95,1081,1570,1.452358926920,unavailable
VM006,L781P,morck2022,https://cdn.elifesciences.org/articles/76805/elife-76805-fig3-data1-v1.xlsx,Fig. 3F In vitro motility,C5,6,7,2018-12-06,2018-12-06-slide1,morck2022-fig3f-row6,465,307,0.660215053763,unavailable
VM007,L781P,morck2022,https://cdn.elifesciences.org/articles/76805/elife-76805-fig3-data1-v1.xlsx,Fig. 3F In vitro motility,C6,9,10,2018-12-06,2018-12-06-slide2,morck2022-fig3f-row9,480,408,0.850000000000,unavailable
VM008,L781P,morck2022,https://cdn.elifesciences.org/articles/76805/elife-76805-fig3-data1-v1.xlsx,Fig. 3F In vitro motility,C7,32,33,2019-08-14,2019-08-14-slide1,morck2022-fig3f-row32,1010,646,0.639603960396,unavailable
VM009,L781P,morck2022,https://cdn.elifesciences.org/articles/76805/elife-76805-fig3-data1-v1.xlsx,Fig. 3F In vitro motility,C8,81,83,2021-05-03,2021-05-03-slide1,morck2022-fig3f-row81,1092,738,0.675824175824,unavailable
VM010,L781P,morck2022,https://cdn.elifesciences.org/articles/76805/elife-76805-fig3-data1-v1.xlsx,Fig. 3F In vitro motility,C9,88,90,2021-05-03,2021-05-03-slide2,morck2022-fig3f-row88,1033,718,0.695062923524,unavailable
VM011,S782N,morck2022,https://cdn.elifesciences.org/articles/76805/elife-76805-fig3-data1-v1.xlsx,Fig. 3F In vitro motility,D5,36,37,2019-08-14,2019-08-14-slide1,morck2022-fig3f-row36,1371,1307,0.953318745441,unavailable
VM012,S782N,morck2022,https://cdn.elifesciences.org/articles/76805/elife-76805-fig3-data1-v1.xlsx,Fig. 3F In vitro motility,D6,53,54,2020-06-10,2020-06-10-slide1,morck2022-fig3f-row53,1036,1065,1.027992277992,unavailable
VM013,S782N,morck2022,https://cdn.elifesciences.org/articles/76805/elife-76805-fig3-data1-v1.xlsx,Fig. 3F In vitro motility,D7,55,56,2020-06-10,2020-06-10-slide1,morck2022-fig3f-row55,1042,1046,1.003838771593,unavailable
VM014,S782N,morck2022,https://cdn.elifesciences.org/articles/76805/elife-76805-fig3-data1-v1.xlsx,Fig. 3F In vitro motility,D8,58,59,2020-06-10,2020-06-10-slide2,morck2022-fig3f-row58,1137,1100,0.967458223395,unavailable
VM015,S782N,morck2022,https://cdn.elifesciences.org/articles/76805/elife-76805-fig3-data1-v1.xlsx,Fig. 3F In vitro motility,D9,60,61,2020-06-10,2020-06-10-slide2,morck2022-fig3f-row60,1108,1094,0.987364620939,unavailable
VM016,S782N,morck2022,https://cdn.elifesciences.org/articles/76805/elife-76805-fig3-data1-v1.xlsx,Fig. 3F In vitro motility,D10,63,64,2020-06-10,2020-06-10-slide3,morck2022-fig3f-row63,1227,1189,0.969030154849,unavailable
VM017,S782N,morck2022,https://cdn.elifesciences.org/articles/76805/elife-76805-fig3-data1-v1.xlsx,Fig. 3F In vitro motility,D11,65,66,2020-06-10,2020-06-10-slide3,morck2022-fig3f-row65,1132,1110,0.980565371025,unavailable
VM018,S782N,morck2022,https://cdn.elifesciences.org/articles/76805/elife-76805-fig3-data1-v1.xlsx,Fig. 3F In vitro motility,D12,81,84,2021-05-03,2021-05-03-slide1,morck2022-fig3f-row81,1092,991,0.907509157509,unavailable
VM019,S782N,morck2022,https://cdn.elifesciences.org/articles/76805/elife-76805-fig3-data1-v1.xlsx,Fig. 3F In vitro motility,D13,88,91,2021-05-03,2021-05-03-slide2,morck2022-fig3f-row88,1033,1059,1.025169409487,unavailable
VM020,A797T,morck2022,https://cdn.elifesciences.org/articles/76805/elife-76805-fig3-data1-v1.xlsx,Fig. 3F In vitro motility,E5,43,44,2020-06-06,2020-06-06-slide1,morck2022-fig3f-row43,1076,1059,0.984200743494,unavailable
VM021,A797T,morck2022,https://cdn.elifesciences.org/articles/76805/elife-76805-fig3-data1-v1.xlsx,Fig. 3F In vitro motility,E6,48,49,2020-06-06,2020-06-06-slide2,morck2022-fig3f-row48,1165,1167,1.001716738197,unavailable
VM022,A797T,morck2022,https://cdn.elifesciences.org/articles/76805/elife-76805-fig3-data1-v1.xlsx,Fig. 3F In vitro motility,E7,70,71,2020-07-10,2020-07-10-slide1,morck2022-fig3f-row70,621,520,0.837359098229,unavailable
VM023,A797T,morck2022,https://cdn.elifesciences.org/articles/76805/elife-76805-fig3-data1-v1.xlsx,Fig. 3F In vitro motility,E8,73,74,2020-07-10,2020-07-10-slide2,morck2022-fig3f-row73,470,432,0.919148936170,unavailable
VM024,A797T,morck2022,https://cdn.elifesciences.org/articles/76805/elife-76805-fig3-data1-v1.xlsx,Fig. 3F In vitro motility,E9,76,77,2020-07-10,2020-07-10-slide3,morck2022-fig3f-row76,636,606,0.952830188679,unavailable
VM025,A797T,morck2022,https://cdn.elifesciences.org/articles/76805/elife-76805-fig3-data1-v1.xlsx,Fig. 3F In vitro motility,E10,81,85,2021-05-03,2021-05-03-slide1,morck2022-fig3f-row81,1092,1014,0.928571428571,unavailable
VM026,A797T,morck2022,https://cdn.elifesciences.org/articles/76805/elife-76805-fig3-data1-v1.xlsx,Fig. 3F In vitro motility,E11,88,92,2021-05-03,2021-05-03-slide2,morck2022-fig3f-row88,1033,1036,1.002904162633,unavailable
VM027,F834L,morck2022,https://cdn.elifesciences.org/articles/76805/elife-76805-fig3-data1-v1.xlsx,Fig. 3F In vitro motility,F5,34,35,2019-08-14,2019-08-14-slide1,morck2022-fig3f-row34,1517,1690,1.114040870138,unavailable
VM028,F834L,morck2022,https://cdn.elifesciences.org/articles/76805/elife-76805-fig3-data1-v1.xlsx,Fig. 3F In vitro motility,F6,14,15,2019-01-31,2019-01-31-slide1,morck2022-fig3f-row14,807,653,0.809169764560,unavailable
VM029,F834L,morck2022,https://cdn.elifesciences.org/articles/76805/elife-76805-fig3-data1-v1.xlsx,Fig. 3F In vitro motility,F7,17,18,2019-01-31,2019-01-31-slide2,morck2022-fig3f-row17,627,661,1.054226475279,unavailable
VM030,F834L,morck2022,https://cdn.elifesciences.org/articles/76805/elife-76805-fig3-data1-v1.xlsx,Fig. 3F In vitro motility,F8,20,21,2019-01-31,2019-01-31-slide3,morck2022-fig3f-row20,655,595,0.908396946565,unavailable
VM031,F834L,morck2022,https://cdn.elifesciences.org/articles/76805/elife-76805-fig3-data1-v1.xlsx,Fig. 3F In vitro motility,F9,81,86,2021-05-03,2021-05-03-slide1,morck2022-fig3f-row81,1092,1207,1.105311355311,unavailable
VM032,F834L,morck2022,https://cdn.elifesciences.org/articles/76805/elife-76805-fig3-data1-v1.xlsx,Fig. 3F In vitro motility,F10,88,93,2021-05-03,2021-05-03-slide2,morck2022-fig3f-row88,1033,1154,1.117134559535,unavailable
