variant,outcome,cohort,value,ln_value,uncertainty,error_type,uncertainty_method,source_id,doi,source_location,source_row_id,measurement_ids,construct_family,construct,assay,filament,metric,temperature_c,wt_value,mutant_value,unit,wt_error,mutant_error,wt_context_id,aggregation_method,table1_number,table1_direction,table1_agreement,modeling_ready,evidence_epoch,notes
A797T,Na_rel,public_primary,1.95081967213,0.668249628938,0.413612028098,SE_of_fit,public_release_canonical,morck2022,10.7554/eLife.76805,Supplementary file 1 slide 1,data/public/lsar-na-rel/na-rel-primary.csv:13,M019|M020,short/long_HMM,2-hep HMM / 25-hep HMM,NADH-coupled steady-state actin-activated ATPase,actin_activated_ATPase,LSAR_mut_over_study_WT_LSAR,,0.61,1.19,LSAR,0.1,0.16,morck2022-WT-LSAR,reported_lsar,,,,true,published_replicate,Raw LSAR preserved above 1.0; Table 1 displays apparent cap of 100.
A797T,kcat_rel,frozen_primary,0.93,-0.0725706928348,0.11,SE_of_fit,mean of published paired-ratio errors,morck2022,10.7554/eLife.76805,Supplementary file 1; Figure 3,workflows/kcat-rel/data/canonical-labels.csv:17,M019|M020,2-hep HMM,2-hep HMM,steady_state_actin_activated_kcat/NADH-coupled,pure_actin,,room_temperature,5.70|5.02,5.10|4.85,s^-1,0.39|0.19,0.32|0.25,morck2022-a797t-rep1|morck2022-a797t-rep2,mean_of_reported_paired_ratios,,,,true,published_primary,no eligible sS1 measurement
A797T,v_rel,table1_primary,0.946675899425,-0.0547984836289,0.0586980540699,slide_ratio_sample_SD,sample_SD_of_paired_slide_ratios_not_biological_SEM,morck2022,10.7554/eLife.76805,Figure 3F publisher source workbook,E5|E6|E7|E8|E9|E10|E11,VM020|VM021|VM022|VM023|VM024|VM025|VM026,2-hep_HMM,2-hep HMM,unloaded_in_vitro_motility,pure_F_actin,filtered_MVEL,21-23,1076|1165|621|470|636|1092|1033,1059|1167|520|432|606|1014|1036,nm/s,,,morck2022-fig3f-row43|morck2022-fig3f-row48|morck2022-fig3f-row70|morck2022-fig3f-row73|morck2022-fig3f-row76|morck2022-fig3f-row81|morck2022-fig3f-row88,mean_of_paired_slide_ratios,5,decrease,aligned,,published_primary,7 selected slide/channel pairs; biological preparations fewer; shared WT controls across variants
D239N,kcat_rel,frozen_primary,1.48888888889,0.398030129621,0.172803523591345,SEM,first-order independent-error propagation,adhikari2016,10.1016/j.celrep.2016.11.040,Results; Figure 2; Table S2,workflows/kcat-rel/data/canonical-labels.csv:3,M002,sS1/S1,sS1,steady_state_actin_activated_kcat/colorimetric_Pi,pure_actin,,23,4.5,6.7,s^-1,0.4,0.5,adhikari2016-d239n-ss1,ratio_of_summary_means,,,,true,published_primary,sS1 preferred
D239N,v_rel,table1_primary,1.94186046512,0.663646516163,0.0517027820579,SEM,first_order_independent_errors,adhikari2016,10.1016/j.celrep.2016.11.040,Table S2; Figure 2,workflows/myh7-correlation-screen/data/velocity-summary-evidence-v1.csv:3;motility-note:93-111,VS002,sS1/S1,sS1 + ELC,unloaded_in_vitro_motility,pure_F_actin,MVEL,23,860,1670,nm/s,10,40,adhikari2016-ss1-mvel-23c,ratio_of_summary_means,95,increase,aligned,,published_primary,Shared printed WT with H251N
D382Y,Na_rel,public_primary,1.47368421053,0.387765531009,0.104596877256,SEM,public_release_canonical,adhikari2019,10.1038/s41467-019-10555-9,Supplementary Table 1; Fig. 5,data/public/lsar-na-rel/na-rel-primary.csv:6,M005,short/long_HMM,2-hep HMM / 25-hep HMM,colorimetric steady-state actin-activated ATPase,actin_activated_ATPase,LSAR_mut_over_study_WT_LSAR,,0.57,0.84,LSAR,0.03,0.04,adhikari2019-WT-LSAR,reported_lsar,,,,true,published_summary,Reported ratio 0.84; printed means divide to 0.847352.
D778V,Na_rel,public_primary,1.32786885246,0.283575290499,0.328410850756,SE_of_fit,public_release_canonical,morck2022,10.7554/eLife.76805,Supplementary file 1 slide 1,data/public/lsar-na-rel/na-rel-primary.csv:10,M013|M014,short/long_HMM,2-hep HMM / 25-hep HMM,NADH-coupled steady-state actin-activated ATPase,actin_activated_ATPase,LSAR_mut_over_study_WT_LSAR,,0.61,0.81,LSAR,0.1,0.15,morck2022-WT-LSAR,reported_lsar,,,,true,published_replicate,Reported LSAR averages two biological replicate ratios.
D778V,kcat_rel,frozen_primary,1.16,0.148420005118,0.09,SE_of_fit,mean of published paired-ratio errors,morck2022,10.7554/eLife.76805,Supplementary file 1; Figure 3,workflows/kcat-rel/data/canonical-labels.csv:14,M013|M014,2-hep HMM,2-hep HMM,steady_state_actin_activated_kcat/NADH-coupled,pure_actin,,room_temperature,5.81|5.40,6.81|6.21,s^-1,0.36|0.17,0.33|0.21,morck2022-d778v-rep1|morck2022-d778v-rep2,mean_of_reported_paired_ratios,,,,true,published_primary,no eligible sS1 measurement
D778V,v_rel,table1_primary,1.45871842144,0.377558256701,0.0817771229197,slide_ratio_sample_SD,sample_SD_of_paired_slide_ratios_not_biological_SEM,morck2022,10.7554/eLife.76805,Figure 3F publisher source workbook,B5|B6|B7|B8|B9,VM001|VM002|VM003|VM004|VM005,2-hep_HMM,2-hep HMM,unloaded_in_vitro_motility,pure_F_actin,filtered_MVEL,21-23,1059|1168|1092|1033|1081,1495|1615|1585|1648|1570,nm/s,,,morck2022-fig3f-row41|morck2022-fig3f-row46|morck2022-fig3f-row81|morck2022-fig3f-row88|morck2022-fig3f-row95,mean_of_paired_slide_ratios,46,increase,aligned,,published_primary,5 selected slide/channel pairs; biological preparations fewer; shared WT controls across variants
E497D,Na_rel,public_primary,1.42857142857,0.356674943938,0.144057870061,SEM,public_release_canonical,nandwani2025,10.1038/s41467-025-63816-1,Supplementary Table 2; Fig. 5,data/public/lsar-na-rel/na-rel-primary.csv:3,M008,short/long_HMM,8-hep HMM / 15-hep HMM,NADH-coupled steady-state actin-activated ATPase,actin_activated_ATPase,LSAR_mut_over_study_WT_LSAR,,0.63,0.9,LSAR,0.03,0.08,nandwani2025-WT-LSAR,reported_lsar,,,,true,published_summary,Published paper uses study-WT 0.63 baseline separately; Spudich uses 0.57.
E497D,kcat_rel,frozen_primary,1.51612903226,0.416160397225,0.137597147479928,SEM,first-order independent-error propagation,nandwani2025,10.1038/s41467-025-63816-1,Results; Figure 2a; Supplementary Table 1,workflows/kcat-rel/data/canonical-labels.csv:9,M008,sS1/S1,sS1 1-808,steady_state_actin_activated_kcat/NADH-coupled,pure_actin,,23,3.1,4.7,s^-1,0.2,0.3,nandwani2025-e497d-ss1,ratio_of_summary_means,,,,true,published_primary,sS1 preferred
E497D,v_rel,table1_primary,0.808416389812,-0.212678019275,0.0433514485262,SEM,first_order_independent_errors,nandwani2025,10.1038/s41467-025-63816-1,Figure 2b; Supplementary Table 1,workflows/myh7-correlation-screen/data/velocity-summary-evidence-v1.csv:8;motility-note:264-281,VS007,sS1/S1,sS1 1-808 + ventricular ELC,unloaded_in_vitro_motility,pure_F_actin,MVEL20,23,903,730,nm/s,24,34,nandwani2025-ss1-mvel20-23c,ratio_of_summary_means,20,decrease,aligned,,published_primary,Shared printed WT with Y115H
F834L,Na_rel,public_primary,1.34426229508,0.295845383091,0.274659453845,SE_of_fit,public_release_canonical,morck2022,10.7554/eLife.76805,Supplementary file 1 slide 1,data/public/lsar-na-rel/na-rel-primary.csv:14,M021|M022,short/long_HMM,2-hep HMM / 25-hep HMM,NADH-coupled steady-state actin-activated ATPase,actin_activated_ATPase,LSAR_mut_over_study_WT_LSAR,,0.61,0.82,LSAR,0.1,0.10,morck2022-WT-LSAR,reported_lsar,,,,true,published_replicate,Reported LSAR averages two biological replicate ratios.
F834L,kcat_rel,frozen_primary,1.03,0.0295588022415,0.10,SE_of_fit,mean of published paired-ratio errors,morck2022,10.7554/eLife.76805,Supplementary file 1; Figure 3,workflows/kcat-rel/data/canonical-labels.csv:18,M021|M022,2-hep HMM,2-hep HMM,steady_state_actin_activated_kcat/NADH-coupled,pure_actin,,room_temperature,4.65|4.64,5.12|4.43,s^-1,0.29|0.20,0.27|0.18,morck2022-f834l-rep1|morck2022-f834l-rep2,mean_of_reported_paired_ratios,,,,true,published_primary,no eligible sS1 measurement
F834L,v_rel,table1_primary,1.0180466619,0.017885753913,0.12931359047,slide_ratio_sample_SD,sample_SD_of_paired_slide_ratios_not_biological_SEM,morck2022,10.7554/eLife.76805,Figure 3F publisher source workbook,F5|F6|F7|F8|F9|F10,VM027|VM028|VM029|VM030|VM031|VM032,2-hep_HMM,2-hep HMM,unloaded_in_vitro_motility,pure_F_actin,filtered_MVEL,21-23,1517|807|627|655|1092|1033,1690|653|661|595|1207|1154,nm/s,,,morck2022-fig3f-row34|morck2022-fig3f-row14|morck2022-fig3f-row17|morck2022-fig3f-row20|morck2022-fig3f-row81|morck2022-fig3f-row88,mean_of_paired_slide_ratios,0,none,aligned_no_change,,published_primary,6 selected slide/channel pairs; biological preparations fewer; shared WT controls across variants
G741R,kcat_rel,frozen_primary,0.901960784314,-0.103184236235,0.0792161699362988,SEM,first-order independent-error propagation,kawana2017,10.1126/sciadv.1601959,Table S1,workflows/kcat-rel/data/canonical-labels.csv:12,M011,sS1/S1,sS1,steady_state_actin_activated_kcat/colorimetric_Pi,pure_actin,,23,5.1,4.6,s^-1,0.3,0.3,kawana2017-g741r-ss1,ratio_of_summary_means,,,,true,published_primary,sS1 preferred
G768R,Na_rel,public_primary,1.75,0.559615787935,0.345890273878,unspecified,public_release_canonical,pathak2026,10.64898/2026.06.02.729673,Results; Fig. 3A-B; Fig. S1; Table S1 cited,data/public/lsar-na-rel/na-rel-primary.csv:17,M012,short/long_HMM,2-hep HMM / 25-hep HMM,NADH-coupled steady-state actin-activated ATPase,actin_activated_ATPase,LSAR_mut_over_study_WT_LSAR,,0.526315789474,0.921052631579,LSAR,0.064298025332,,pathak2026-WT-LSAR,recomputed_lsar,,,,false,later_published_epoch,Spudich 2024 used unpublished data; later Pathak result does not reproduce Table 1 63%. Canonical label uses later Pathak published epoch; Spudich 2024 unpublished epoch remains unresolved and is not replaced.
G768R,kcat_rel,frozen_primary,0.729981378026,-0.314736254718,0.0255456168614739,not_reported,first-order propagation of reported unlabeled errors,pathak2026,10.64898/2026.06.02.729673,Results; Figure 1C; Table S1; Figure S1,workflows/kcat-rel/data/canonical-labels.csv:13,M012,sS1/S1,sS1 1-808,steady_state_actin_activated_kcat/NADH-coupled,pure_actin,,23,5.37,3.92,s^-1,0.06,0.13,pathak2026-g768r-ss1,ratio_of_summary_means,,,,true,preprint_primary,sS1 preferred over eligible 2-hep
G768R,v_rel,table1_primary,0.198040016333,-1.61928616601,,unspecified,not_available_or_untyped_source_error,pathak2026,10.64898/2026.06.02.729673,Figure 1D,workflows/myh7-correlation-screen/data/velocity-summary-evidence-v1.csv:11;motility-note:379-395,VS010,sS1/S1,sS1,unloaded_in_vitro_motility,pure_F_actin,MVEL20,23,979.6,194,nm/s,61,2,pathak2026-ss1-mvel20-23c,ratio_of_summary_means,80,decrease,aligned,,preprint,Error display type not specified for velocity
H251N,Na_rel,public_primary,1.59649122807,0.467808238682,0.09914851114,SEM,public_release_canonical,adhikari2019,10.1038/s41467-019-10555-9,Supplementary Table 1; Fig. 4d,data/public/lsar-na-rel/na-rel-primary.csv:5,M003,short/long_HMM,2-hep HMM / 25-hep HMM,colorimetric steady-state actin-activated ATPase,actin_activated_ATPase,LSAR_mut_over_study_WT_LSAR,,0.57,0.91,LSAR,0.03,0.03,adhikari2019-WT-LSAR,reported_lsar,,,,true,published_summary,Reported 0.91 differs from ratio of aggregate printed means 0.891239.
H251N,kcat_rel,frozen_primary,1.24444444444,0.218689200965,0.141906370810167,SEM,first-order independent-error propagation,adhikari2016,10.1016/j.celrep.2016.11.040,Results; Figure 2; Table S2,workflows/kcat-rel/data/canonical-labels.csv:5,M004,sS1/S1,sS1,steady_state_actin_activated_kcat/colorimetric_Pi,pure_actin,,23,4.5,5.6,s^-1,0.4,0.4,adhikari2016-h251n-ss1,ratio_of_summary_means,,,,true,published_primary,sS1 preferred over eligible 2-hep
H251N,v_rel,table1_primary,1.39534883721,0.333144446529,0.0283563585266,SEM,first_order_independent_errors,adhikari2016,10.1016/j.celrep.2016.11.040,Table S2,workflows/myh7-correlation-screen/data/velocity-summary-evidence-v1.csv:4;motility-note:123-141,VS003,sS1/S1,sS1 + ELC,unloaded_in_vitro_motility,pure_F_actin,MVEL,23,860,1200,nm/s,10,20,adhikari2016-ss1-mvel-23c,ratio_of_summary_means,40,increase,aligned,,published_primary,Shared printed WT with D239N
I457T,Na_rel,public_primary,0.982456140351,-0.0176995770993,0.166145983166,SEM,public_release_canonical,adhikari2019,10.1038/s41467-019-10555-9,Supplementary Table 1; Fig. 7d,data/public/lsar-na-rel/na-rel-primary.csv:7,M007,short/long_HMM,2-hep HMM / 25-hep HMM,colorimetric steady-state actin-activated ATPase,actin_activated_ATPase,LSAR_mut_over_study_WT_LSAR,,0.57,0.56,LSAR,0.03,0.09,adhikari2019-WT-LSAR,reported_lsar,,,,true,published_summary,Reported LSAR gives a small negative transform; Table 1 codes no increase as 0.
I457T,kcat_rel,frozen_primary,1.75313807531,0.561407367991,0.144920094746914,SEM,first-order independent-error propagation,adhikari2019,10.1038/s41467-019-10555-9,Figure 7e; Supplementary Table 1,workflows/kcat-rel/data/canonical-labels.csv:8,M007,2-hep HMM,2-hep HMM,steady_state_actin_activated_kcat/colorimetric_Pi,pure_actin,,23,2.39,4.19,s^-1,0.06,0.33,adhikari2019-i457t-2hep,ratio_of_summary_means,,,,true,published_primary,no eligible sS1 measurement
I457T,v_rel,table1_primary,2.42857142857,0.887303195001,,unreported,not_available_or_untyped_source_error,adhikari2019,10.1038/s41467-019-10555-9,Results; Figure 7f,workflows/myh7-correlation-screen/data/velocity-summary-evidence-v1.csv:7;motility-note:243-260,VS006,2-hep_HMM,2-hep HMM,unloaded_in_vitro_motility,pure_F_actin,unloaded_velocity_unspecified,23,700,1700,nm/s,,,adhikari2019-2hep-velocity-23c,ratio_of_summary_means,240,increase,percent_convention_discrepancy,,published_primary,Mutant is about 243 percent OF WT and change is about +143 percent
I467V,v_rel,expanded_sensitivity,2.06092028516,0.723152623411,0.220396559699,SEM,first_order_independent_errors,lehman2023,10.1101/2023.07.03.547580,Figure 3A–B,workflows/myh7-correlation-screen/data/velocity-summary-evidence-v1.csv:12;motility-master:987,VS011,sS1/S1,human beta S1 1-842,unloaded_in_vitro_motility,pure_F_actin,unloaded_velocity_unspecified,,1.543,3.18,um/s,0.14,0.18,lehman2023-human-beta-s1,ratio_of_summary_means,,,outside_table1,,preprint,Preprint; room temperature without reported numeric temperature; three purifications and 7-9 videos per construct
L781P,Na_rel,public_primary,1.39344262295,0.331777392317,0.281169398541,SE_of_fit,public_release_canonical,morck2022,10.7554/eLife.76805,Supplementary file 1 slide 1,data/public/lsar-na-rel/na-rel-primary.csv:11,M015|M016,short/long_HMM,2-hep HMM / 25-hep HMM,NADH-coupled steady-state actin-activated ATPase,actin_activated_ATPase,LSAR_mut_over_study_WT_LSAR,,0.61,0.85,LSAR,0.1,0.10,morck2022-WT-LSAR,reported_lsar,,,,true,published_replicate,Reported LSAR averages two biological replicate ratios.
L781P,kcat_rel,frozen_primary,0.97,-0.0304592074847,0.08,SE_of_fit,mean of published paired-ratio errors,morck2022,10.7554/eLife.76805,Supplementary file 1; Figure 3,workflows/kcat-rel/data/canonical-labels.csv:15,M015|M016,2-hep HMM,2-hep HMM,steady_state_actin_activated_kcat/NADH-coupled,pure_actin,,room_temperature,5.56|4.84,5.42|4.71,s^-1,0.30|0.15,0.26|0.10,morck2022-l781p-rep1|morck2022-l781p-rep2,mean_of_reported_paired_ratios,,,,true,published_primary,no eligible sS1 measurement
L781P,v_rel,table1_primary,0.704141222701,-0.350776342513,0.0840440659986,slide_ratio_sample_SD,sample_SD_of_paired_slide_ratios_not_biological_SEM,morck2022,10.7554/eLife.76805,Figure 3F publisher source workbook,C5|C6|C7|C8|C9,VM006|VM007|VM008|VM009|VM010,2-hep_HMM,2-hep HMM,unloaded_in_vitro_motility,pure_F_actin,filtered_MVEL,21-23,465|480|1010|1092|1033,307|408|646|738|718,nm/s,,,morck2022-fig3f-row6|morck2022-fig3f-row9|morck2022-fig3f-row32|morck2022-fig3f-row81|morck2022-fig3f-row88,mean_of_paired_slide_ratios,30,decrease,aligned,,published_primary,5 selected slide/channel pairs; biological preparations fewer; shared WT controls across variants
M493I,v_rel,expanded_sensitivity,0.2875,-1.24653241874,,SD,not_available_distributional_SD,cail2025,10.1073/pnas.2521561122,Figure 1C–D; Table 1,workflows/myh7-correlation-screen/data/velocity-summary-evidence-v1.csv:14;motility-master:1003,VS013,42-hep_HMM,human beta-cHMM 42-heptad S2Tag,unloaded_in_vitro_motility,pure_F_actin,unloaded_velocity_unspecified,32,1.6,0.46,um/s,0.2,0.04,cail2025-human-beta-42hep-32c,ratio_of_summary_means,,,outside_table1,,published_primary,"Construct and 32C differ strongly from primary short-head assays; reported SD is fitted filament-velocity distribution, not independent-prep uncertainty"
P710R,Na_rel,public_primary,1.55675675676,0.442604655058,0.218244806439,SE_of_fit,public_release_canonical,vanderroest2021,10.1073/pnas.2025030118,Results; Fig. 3B-C; Supplementary Table S1,data/public/lsar-na-rel/na-rel-primary.csv:9,M010,short/long_HMM,2-hep HMM / 25-hep HMM,NADH-coupled steady-state actin-activated ATPase,actin_activated_ATPase,LSAR_mut_over_study_WT_LSAR,,0.625,0.972972972973,LSAR,0.048954714731,,vanderroest2021-WT-LSAR,recomputed_lsar,,,,false,published_text,"Exact pair is the weighted summary of two independent preparations with triplicate measurements per actin concentration; yields 93.7%, not Table 1 88%."
P710R,v_rel,table1_primary,0.313648293963,-1.15948300376,0.0135230514836,SEM,first_order_independent_errors,vanderroest2021,10.1073/pnas.2025030118,Results; Figure 2,workflows/myh7-correlation-screen/data/velocity-summary-evidence-v1.csv:10;motility-note:328-346,VS009,sS1/S1,sS1,unloaded_in_vitro_motility,pure_F_actin,MVIS,23,762,239,nm/s,16,9,vanderroest2021-ss1-mvis-23c,ratio_of_summary_means,50,decrease,magnitude_discrepancy,,published_primary,Primary gives about -69 percent rather than compiled -50 percent
R249Q,Na_rel,public_primary,1.68421052632,0.521296923633,0.137614873666,SEM,public_release_canonical,adhikari2019,10.1038/s41467-019-10555-9,Supplementary Table 1; Fig. 4b,data/public/lsar-na-rel/na-rel-primary.csv:4,M002,short/long_HMM,2-hep HMM / 25-hep HMM,colorimetric steady-state actin-activated ATPase,actin_activated_ATPase,LSAR_mut_over_study_WT_LSAR,,0.57,0.96,LSAR,0.03,0.06,adhikari2019-WT-LSAR,reported_lsar,,,,true,published_summary,Reported LSAR is authoritative; ratio of printed means shown separately.
R249Q,kcat_rel,frozen_primary,0.707112970711,-0.346564837008,0.0378887135470352,SEM,first-order independent-error propagation,adhikari2019,10.1038/s41467-019-10555-9,Supplementary Table 1; Figure 4b,workflows/kcat-rel/data/canonical-labels.csv:4,M003,2-hep HMM,2-hep HMM,steady_state_actin_activated_kcat/colorimetric_Pi,pure_actin,,23,2.39,1.69,s^-1,0.06,0.08,adhikari2019-r249q-2hep,ratio_of_summary_means,,,,true,published_primary,no eligible sS1 measurement
R403Q,Na_rel,public_primary,1.39682539682,0.334202088086,0.20043146468,SEM / fitted-value bootstrap,public_release_canonical,sarkar2020,10.1126/sciadv.aax0069,Results; Fig. 3A,data/public/lsar-na-rel/na-rel-primary.csv:15,M006,short/long_HMM,2-hep HMM / 25-hep HMM,colorimetric steady-state actin-activated ATPase,actin_activated_ATPase,LSAR_mut_over_study_WT_LSAR,,0.583333333333,0.814814814815,LSAR,0.048237652741,,sarkar2020-WT-LSAR,recomputed_lsar,,,,false,published_text,Two experiments from one protein preparation; SI table S2 unavailable. Low biological n: two experiments from one protein preparation.
R403Q,kcat_rel,frozen_primary,1.26666666667,0.236388778064,0.134485760410113,SEM,first-order independent-error propagation,nag2015,10.1126/sciadv.1500511,Results; Figure 2A,workflows/kcat-rel/data/canonical-labels.csv:6,M005,sS1/S1,sS1 1-808,steady_state_actin_activated_kcat/colorimetric_Pi,pure_actin,,23,6.0,7.6,s^-1,0.5,0.5,nag2015-r403q-pure-actin,ratio_of_summary_means,,,,true,published_primary,pure-actin sS1 preferred
R403Q,v_rel,table1_primary,1.14545454545,0.135801541159,0.0552926532947,SEM,first_order_independent_errors,nag2015,10.1126/sciadv.1500511,Figure 1; Figure 6,workflows/myh7-correlation-screen/data/velocity-summary-evidence-v1.csv:5;motility-note:186-218,VS004,sS1/S1,sS1 1-808 + ELC,unloaded_in_vitro_motility,pure_F_actin,MVEL20,23,550,630,nm/s,20,20,nag2015-ss1-mvel20-25mM-KCl,ratio_of_summary_means,15,increase,aligned,,published_primary,Metric choice is post hoc relative to Table 1; other metric and regulated-filament values remain separate
R453C,kcat_rel,frozen_primary,0.675675675676,-0.392042087776,0.0454355633019255,SEM,first-order independent-error propagation,sommese2013,10.1073/pnas.1309493110,Results; Figure 1A; Table S1,workflows/kcat-rel/data/canonical-labels.csv:7,M006,sS1/S1,S1 1-808,steady_state_actin_activated_kcat/colorimetric_Pi,pure_actin,,23,7.4,5.0,s^-1,0.4,0.2,sommese2013-r453c-s1,ratio_of_summary_means,,,,true,published_primary,S1 preferred
R453C,v_rel,table1_primary,0.7625,-0.271152770501,0.0534767765016,SEM,first_order_independent_errors,sommese2013,10.1073/pnas.1309493110,Figure 2,workflows/myh7-correlation-screen/data/velocity-summary-evidence-v1.csv:6;motility-note:222-239,VS005,sS1/S1,S1-eGFP + ELC,unloaded_in_vitro_motility,pure_F_actin,v0,23,800,610,nm/s,40,30,sommese2013-s1egfp-v0-23c,ratio_of_summary_means,25,decrease,aligned,,published_primary,Not the same metric as MVEL
R663H,Na_rel,public_primary,1.16326530612,0.151230969724,0.14108770984,SEM / fitted-value bootstrap,public_release_canonical,sarkar2020,10.1126/sciadv.aax0069,Results; Fig. 3B,data/public/lsar-na-rel/na-rel-primary.csv:16,M009,short/long_HMM,2-hep HMM / 25-hep HMM,colorimetric steady-state actin-activated ATPase,actin_activated_ATPase,LSAR_mut_over_study_WT_LSAR,,0.583333333333,0.678571428571,LSAR,0.048237652741,,sarkar2020-WT-LSAR,recomputed_lsar,,,,false,published_text,Two experiments from one protein preparation; SI table S2 unavailable. Low biological n: two experiments from one protein preparation.
R663H,kcat_rel,frozen_primary,0.966666666667,-0.0339015516757,0.0725547898547311,SEM,first-order independent-error propagation,sarkar2020,10.1126/sciadv.aax0069,Results; Figure 1A; Table S1,workflows/kcat-rel/data/canonical-labels.csv:10,M009,sS1/S1,sS1,steady_state_actin_activated_kcat/colorimetric_Pi,pure_actin,,23,3.0,2.9,s^-1,0.2,0.1,sarkar2020-r663h-ss1,ratio_of_summary_means,,,,true,published_primary,sS1 preferred over eligible 2-hep
R663H,v_rel,table1_primary,1.01707317073,0.0169290621004,0.0613934457829,SEM,first_order_independent_errors,sarkar2020,10.1126/sciadv.aax0069,Figure 1C; Table S1,workflows/myh7-correlation-screen/data/velocity-summary-evidence-v1.csv:9;motility-note:303-324,VS008,sS1/S1,sS1,unloaded_in_vitro_motility,pure_F_actin,unloaded_velocity_unspecified,23,820,834,nm/s,39,31,sarkar2020-ss1-motility-23c,ratio_of_summary_means,0,none,aligned_no_change,,published_primary,Small effect described as unchanged; regulated filaments excluded
R671C,v_rel,expanded_sensitivity,1.18040621266,0.165858627258,0.0192585021787,SEM,first_order_independent_errors,liu2024,10.1073/pnas.2315472121,Table 1,workflows/myh7-correlation-screen/data/velocity-summary-evidence-v1.csv:13;motility-master:1441,VS012,sS1/S1,human beta S1 1-842 + human ELC + endogenous mouse RLC,unloaded_in_vitro_motility,pure_F_actin,MVEL20,23,837,988,nm/s,5,15,liu2024-human-beta-s1-23c,ratio_of_summary_means,,,outside_table1,,published_primary,23C and 30C are not independent variants
R719W,Na_rel,public_primary,1.80701754386,0.591677720395,0.108698067217,SEM,public_release_canonical,adhikari2019,10.1038/s41467-019-10555-9,Supplementary Table 1; Fig. 5,data/public/lsar-na-rel/na-rel-primary.csv:8,M011,short/long_HMM,2-hep HMM / 25-hep HMM,colorimetric steady-state actin-activated ATPase,actin_activated_ATPase,LSAR_mut_over_study_WT_LSAR,,0.57,1.03,LSAR,0.03,0.03,adhikari2019-WT-LSAR,reported_lsar,,,,true,published_summary,Raw reported LSAR preserved above 1.0; Table 1 displays apparent cap of 100.
R719W,kcat_rel,frozen_primary,0.947368421053,-0.0540672212703,0.0966666838655764,SEM,first-order independent-error propagation,kawana2017,10.1126/sciadv.1601959,Table S1; Figure 2B,workflows/kcat-rel/data/canonical-labels.csv:11,M010,sS1/S1,sS1 1-808,steady_state_actin_activated_kcat/colorimetric_Pi,pure_actin,,23,5.7,5.4,s^-1,0.4,0.4,kawana2017-r719w-ss1,ratio_of_summary_means,,,,true,published_primary,sS1 preferred over eligible 2-hep
S782N,Na_rel,public_primary,1.32786885246,0.283575290499,0.293403041993,SE_of_fit,public_release_canonical,morck2022,10.7554/eLife.76805,Supplementary file 1 slide 1,data/public/lsar-na-rel/na-rel-primary.csv:12,M017|M018,short/long_HMM,2-hep HMM / 25-hep HMM,NADH-coupled steady-state actin-activated ATPase,actin_activated_ATPase,LSAR_mut_over_study_WT_LSAR,,0.61,0.81,LSAR,0.1,0.12,morck2022-WT-LSAR,reported_lsar,,,,true,published_replicate,Reported LSAR averages two biological replicate ratios.
S782N,kcat_rel,frozen_primary,1.04,0.0392207131533,0.07,SE_of_fit,mean of published paired-ratio errors,morck2022,10.7554/eLife.76805,Supplementary file 1; Figure 3,workflows/kcat-rel/data/canonical-labels.csv:16,M017|M018,2-hep HMM,2-hep HMM,steady_state_actin_activated_kcat/NADH-coupled,pure_actin,,room_temperature,3.95|3.78,4.11|3.89,s^-1,0.15|0.13,0.12|0.14,morck2022-s782n-rep1|morck2022-s782n-rep2,mean_of_reported_paired_ratios,,,,true,published_primary,no eligible sS1 measurement
S782N,v_rel,table1_primary,0.980249636914,-0.0199480082107,0.0374337130855,slide_ratio_sample_SD,sample_SD_of_paired_slide_ratios_not_biological_SEM,morck2022,10.7554/eLife.76805,Figure 3F publisher source workbook,D5|D6|D7|D8|D9|D10|D11|D12|D13,VM011|VM012|VM013|VM014|VM015|VM016|VM017|VM018|VM019,2-hep_HMM,2-hep HMM,unloaded_in_vitro_motility,pure_F_actin,filtered_MVEL,21-23,1371|1036|1042|1137|1108|1227|1132|1092|1033,1307|1065|1046|1100|1094|1189|1110|991|1059,nm/s,,,morck2022-fig3f-row36|morck2022-fig3f-row53|morck2022-fig3f-row55|morck2022-fig3f-row58|morck2022-fig3f-row60|morck2022-fig3f-row63|morck2022-fig3f-row65|morck2022-fig3f-row81|morck2022-fig3f-row88,mean_of_paired_slide_ratios,0,none,aligned_no_change,,published_primary,9 selected slide/channel pairs; biological preparations fewer; shared WT controls across variants
Y115H,Na_rel,public_primary,1.42857142857,0.356674943938,0.117038439007,SEM,public_release_canonical,nandwani2025,10.1038/s41467-025-63816-1,Supplementary Table 2; Fig. 5,data/public/lsar-na-rel/na-rel-primary.csv:2,M001,short/long_HMM,8-hep HMM / 15-hep HMM,NADH-coupled steady-state actin-activated ATPase,actin_activated_ATPase,LSAR_mut_over_study_WT_LSAR,,0.63,0.9,LSAR,0.03,0.06,nandwani2025-WT-LSAR,reported_lsar,,,,true,published_summary,Published paper uses study-WT 0.63 baseline separately; Spudich uses 0.57.
Y115H,kcat_rel,frozen_primary,1.03225806452,0.0317486983146,0.0739985294383393,SEM,first-order independent-error propagation,nandwani2025,10.1038/s41467-025-63816-1,Results; Figure 2a; Supplementary Table 1,workflows/kcat-rel/data/canonical-labels.csv:2,M001,sS1/S1,sS1 1-808,steady_state_actin_activated_kcat/NADH-coupled,pure_actin,,23,3.1,3.2,s^-1,0.2,0.1,nandwani2025-y115h-ss1,ratio_of_summary_means,,,,true,published_primary,sS1 preferred
Y115H,v_rel,table1_primary,0.449612403101,-0.799369393815,0.0241975427992,SEM,first_order_independent_errors,nandwani2025,10.1038/s41467-025-63816-1,Figure 2b; Supplementary Table 1,workflows/myh7-correlation-screen/data/velocity-summary-evidence-v1.csv:2;motility-note:59-77,VS001,sS1/S1,sS1 1-808 + ventricular ELC,unloaded_in_vitro_motility,pure_F_actin,MVEL20,23,903,406,nm/s,24,19,nandwani2025-ss1-mvel20-23c,ratio_of_summary_means,45,decrease,magnitude_discrepancy,,published_primary,Primary gives about -55 percent rather than compiled -45 percent
