variant,cohort,source_id,wt_context_id,shared_context_group,dependency_note
A797T,table1_primary,morck2022,morck2022-fig3f-row43|morck2022-fig3f-row48|morck2022-fig3f-row70|morck2022-fig3f-row73|morck2022-fig3f-row76|morck2022-fig3f-row81|morck2022-fig3f-row88,morck2022_shared_slides,Five variants share slide/channel WT records; 32 pairs from 17 distinct slide IDs and 24 distinct WT rows. WT workbook rows 81 and 88 appear for all five. Counts are not biological preparation n.
D239N,table1_primary,adhikari2016,adhikari2016-ss1-mvel-23c,adhikari2016_shared_WT_860,D239N and H251N reuse the printed WT 860 nm/s value.
D778V,table1_primary,morck2022,morck2022-fig3f-row41|morck2022-fig3f-row46|morck2022-fig3f-row81|morck2022-fig3f-row88|morck2022-fig3f-row95,morck2022_shared_slides,Five variants share slide/channel WT records; 32 pairs from 17 distinct slide IDs and 24 distinct WT rows. WT workbook rows 81 and 88 appear for all five. Counts are not biological preparation n.
E497D,table1_primary,nandwani2025,nandwani2025-ss1-mvel20-23c,nandwani2025_shared_WT_903,Y115H and E497D reuse the printed WT 903 nm/s value; SI Note 1 is an alternate same-study aggregate.
F834L,table1_primary,morck2022,morck2022-fig3f-row34|morck2022-fig3f-row14|morck2022-fig3f-row17|morck2022-fig3f-row20|morck2022-fig3f-row81|morck2022-fig3f-row88,morck2022_shared_slides,Five variants share slide/channel WT records; 32 pairs from 17 distinct slide IDs and 24 distinct WT rows. WT workbook rows 81 and 88 appear for all five. Counts are not biological preparation n.
G768R,table1_primary,pathak2026,pathak2026-ss1-mvel20-23c,,One variant-level ratio; independent preparation covariance generally unavailable.
H251N,table1_primary,adhikari2016,adhikari2016-ss1-mvel-23c,adhikari2016_shared_WT_860,D239N and H251N reuse the printed WT 860 nm/s value.
I457T,table1_primary,adhikari2019,adhikari2019-2hep-velocity-23c,,One variant-level ratio; independent preparation covariance generally unavailable.
I467V,expanded_sensitivity,lehman2023,lehman2023-human-beta-s1,,One variant-level ratio; independent preparation covariance generally unavailable.
L781P,table1_primary,morck2022,morck2022-fig3f-row6|morck2022-fig3f-row9|morck2022-fig3f-row32|morck2022-fig3f-row81|morck2022-fig3f-row88,morck2022_shared_slides,Five variants share slide/channel WT records; 32 pairs from 17 distinct slide IDs and 24 distinct WT rows. WT workbook rows 81 and 88 appear for all five. Counts are not biological preparation n.
M493I,expanded_sensitivity,cail2025,cail2025-human-beta-42hep-32c,,One variant-level ratio; independent preparation covariance generally unavailable.
P710R,table1_primary,vanderroest2021,vanderroest2021-ss1-mvis-23c,,One variant-level ratio; independent preparation covariance generally unavailable.
R403Q,table1_primary,nag2015,nag2015-ss1-mvel20-25mM-KCl,nag2015_multiple_metrics,One selected 25 mM pure-actin MVEL20 pair; other FAST metrics and ionic strength are same-study alternatives.
R453C,table1_primary,sommese2013,sommese2013-s1egfp-v0-23c,,One variant-level ratio; independent preparation covariance generally unavailable.
R663H,table1_primary,sarkar2020,sarkar2020-ss1-motility-23c,sarkar2020_two_filaments,Pure actin selected; regulated-filament pair excluded from primary.
R671C,expanded_sensitivity,liu2024,liu2024-human-beta-s1-23c,liu2024_two_temperatures,"23 C selected; 30 C is a repeated same-study temperature condition, not another variant."
S782N,table1_primary,morck2022,morck2022-fig3f-row36|morck2022-fig3f-row53|morck2022-fig3f-row55|morck2022-fig3f-row58|morck2022-fig3f-row60|morck2022-fig3f-row63|morck2022-fig3f-row65|morck2022-fig3f-row81|morck2022-fig3f-row88,morck2022_shared_slides,Five variants share slide/channel WT records; 32 pairs from 17 distinct slide IDs and 24 distinct WT rows. WT workbook rows 81 and 88 appear for all five. Counts are not biological preparation n.
Y115H,table1_primary,nandwani2025,nandwani2025-ss1-mvel20-23c,nandwani2025_shared_WT_903,Y115H and E497D reuse the printed WT 903 nm/s value; SI Note 1 is an alternate same-study aggregate.
