variant,table1_member,velocity_status,source_id,source_location,source_row_id,reason,kcat_available,na_available,velocity_value,construct,metric,temperature_c
A797T,yes,table1_primary,morck2022,Figure 3F publisher source workbook,E5|E6|E7|E8|E9|E10|E11,matched absolute human MYH7 WT/mutant pure-actin unloaded motility pair; single variant estimate,yes,yes,0.946675899425,2-hep HMM,filtered_MVEL,21-23
D239N,yes,table1_primary,adhikari2016,Table S2; Figure 2,workflows/myh7-correlation-screen/data/velocity-summary-evidence-v1.csv:3;motility-note:93-111,matched absolute human MYH7 WT/mutant pure-actin unloaded motility pair; single variant estimate,yes,no,1.94186046512,sS1 + ELC,MVEL,23
D382Y,yes,unresolved_figure_only_no_numeric,motility-velocity-table1-raw-values,variant section D382Y,source-audit:table1-velocity,Relative/graphical result; Vera supplementary absolute table unrecovered,no,yes,,,,
D778V,yes,table1_primary,morck2022,Figure 3F publisher source workbook,B5|B6|B7|B8|B9,matched absolute human MYH7 WT/mutant pure-actin unloaded motility pair; single variant estimate,yes,yes,1.45871842144,2-hep HMM,filtered_MVEL,21-23
E497D,yes,table1_primary,nandwani2025,Figure 2b; Supplementary Table 1,workflows/myh7-correlation-screen/data/velocity-summary-evidence-v1.csv:8;motility-note:264-281,matched absolute human MYH7 WT/mutant pure-actin unloaded motility pair; single variant estimate,yes,yes,0.808416389812,sS1 1-808 + ventricular ELC,MVEL20,23
E536D,yes,unresolved_absolute_values_not_found,motility-velocity-table1-raw-values,variant section E536D,source-audit:table1-velocity,Unpublished Table 1 zero; no matched typed absolute pair,no,no,,,,
F834L,yes,table1_primary,morck2022,Figure 3F publisher source workbook,F5|F6|F7|F8|F9|F10,matched absolute human MYH7 WT/mutant pure-actin unloaded motility pair; single variant estimate,yes,yes,1.0180466619,2-hep HMM,filtered_MVEL,21-23
G256E,yes,unresolved_figure_only_no_numeric,motility-velocity-table1-raw-values,variant section G256E,source-audit:table1-velocity,Relative 0.8 and graphical values only; no typed matched absolute pair,no,no,,,,
G741R,yes,unresolved_absolute_values_not_found,motility-velocity-table1-raw-values,variant section G741R,source-audit:table1-velocity,"Relative unchanged claim, no matched typed absolute pair",yes,no,,,,
G768R,yes,table1_primary,pathak2026,Figure 1D,workflows/myh7-correlation-screen/data/velocity-summary-evidence-v1.csv:11;motility-note:379-395,matched absolute human MYH7 WT/mutant pure-actin unloaded motility pair; single variant estimate,yes,yes,0.198040016333,sS1,MVEL20,23
H251N,yes,table1_primary,adhikari2016,Table S2,workflows/myh7-correlation-screen/data/velocity-summary-evidence-v1.csv:4;motility-note:123-141,matched absolute human MYH7 WT/mutant pure-actin unloaded motility pair; single variant estimate,yes,yes,1.39534883721,sS1 + ELC,MVEL,23
I457T,yes,table1_primary,adhikari2019,Results; Figure 7f,workflows/myh7-correlation-screen/data/velocity-summary-evidence-v1.csv:7;motility-note:243-260,matched absolute human MYH7 WT/mutant pure-actin unloaded motility pair; single variant estimate,yes,yes,2.42857142857,2-hep HMM,unloaded_velocity_unspecified,23
I467T,no,excluded_disease_control,lehman2023,motility paper comparison variant,source-audit:compiled-master:979,LVNC-associated substitution distinct from HCM I467V; outside this HCM velocity cohort,no,no,,,,
I467V,no,expanded_sensitivity,lehman2023,Figure 3A–B,workflows/myh7-correlation-screen/data/velocity-summary-evidence-v1.csv:12;motility-master:987,"matched absolute human MYH7 WT/mutant pure-actin unloaded motility pair; single variant estimate; outside Table 1, sensitivity only",no,no,2.06092028516,human beta S1 1-842,unloaded_velocity_unspecified,
L781P,yes,table1_primary,morck2022,Figure 3F publisher source workbook,C5|C6|C7|C8|C9,matched absolute human MYH7 WT/mutant pure-actin unloaded motility pair; single variant estimate,yes,yes,0.704141222701,2-hep HMM,filtered_MVEL,21-23
M493I,no,expanded_sensitivity,cail2025,Figure 1C–D; Table 1,workflows/myh7-correlation-screen/data/velocity-summary-evidence-v1.csv:14;motility-master:1003,"matched absolute human MYH7 WT/mutant pure-actin unloaded motility pair; single variant estimate; outside Table 1, sensitivity only",no,no,0.2875,human beta-cHMM 42-heptad S2Tag,unloaded_velocity_unspecified,32
P710R,yes,table1_primary,vanderroest2021,Results; Figure 2,workflows/myh7-correlation-screen/data/velocity-summary-evidence-v1.csv:10;motility-note:328-346,matched absolute human MYH7 WT/mutant pure-actin unloaded motility pair; single variant estimate,no,yes,0.313648293963,sS1,MVIS,23
Q222K,yes,unresolved_absolute_values_not_found,motility-velocity-table1-raw-values,variant section Q222K,source-audit:table1-velocity,Unpublished/abstract-level relative claim; no typed matched absolute human MYH7 WT and mutant pair,no,no,,,,
R249Q,yes,unresolved_blank_out_of_scope,motility-velocity-table1-raw-values,variant section R249Q,source-audit:table1-velocity,No Table 1 motility absolute pair; apparent master absolute belongs to Drosophila flight-muscle myosin,yes,yes,,,,
R403Q,yes,table1_primary,nag2015,Figure 1; Figure 6,workflows/myh7-correlation-screen/data/velocity-summary-evidence-v1.csv:5;motility-note:186-218,matched absolute human MYH7 WT/mutant pure-actin unloaded motility pair; single variant estimate,yes,yes,1.14545454545,sS1 1-808 + ELC,MVEL20,23
R453C,yes,table1_primary,sommese2013,Figure 2,workflows/myh7-correlation-screen/data/velocity-summary-evidence-v1.csv:6;motility-note:222-239,matched absolute human MYH7 WT/mutant pure-actin unloaded motility pair; single variant estimate,yes,no,0.7625,S1-eGFP + ELC,v0,23
R663H,yes,table1_primary,sarkar2020,Figure 1C; Table S1,workflows/myh7-correlation-screen/data/velocity-summary-evidence-v1.csv:9;motility-note:303-324,matched absolute human MYH7 WT/mutant pure-actin unloaded motility pair; single variant estimate,yes,yes,1.01707317073,sS1,unloaded_velocity_unspecified,23
R671C,no,expanded_sensitivity,liu2024,Table 1,workflows/myh7-correlation-screen/data/velocity-summary-evidence-v1.csv:13;motility-master:1441,"matched absolute human MYH7 WT/mutant pure-actin unloaded motility pair; single variant estimate; outside Table 1, sensitivity only",no,no,1.18040621266,human beta S1 1-842 + human ELC + endogenous mouse RLC,MVEL20,23
R719W,yes,unresolved_figure_only_no_numeric,motility-velocity-table1-raw-values,variant section R719W,source-audit:table1-velocity,"Metric-dependent relative claims, no matched typed absolute pair",yes,yes,,,,
S782N,yes,table1_primary,morck2022,Figure 3F publisher source workbook,D5|D6|D7|D8|D9|D10|D11|D12|D13,matched absolute human MYH7 WT/mutant pure-actin unloaded motility pair; single variant estimate,yes,yes,0.980249636914,2-hep HMM,filtered_MVEL,21-23
V606M,yes,unresolved_absolute_values_not_found,motility-velocity-table1-raw-values,variant section V606M,source-audit:table1-velocity,Unpublished relative increase; no matched typed absolute pair,no,no,,,,
Y115H,yes,table1_primary,nandwani2025,Figure 2b; Supplementary Table 1,workflows/myh7-correlation-screen/data/velocity-summary-evidence-v1.csv:2;motility-note:59-77,matched absolute human MYH7 WT/mutant pure-actin unloaded motility pair; single variant estimate,yes,yes,0.449612403101,sS1 1-808 + ventricular ELC,MVEL20,23
