variant,delta_charge,grantham_distance,catalytic_motif_min_ca_distance_8act_mean_ab
Y115H,0,83,12.022325833439357
D239N,1,23,0.0
R249Q,-1,43,9.744404953362427
H251N,0,68,16.073682688680528
R403Q,-1,43,33.522361644995755
R453C,-1,180,21.430166265853757
I457T,0,89,13.221737309855547
E497D,0,45,22.822294945851162
R663H,-1,29,16.313801523298913
R719W,-1,101,37.94742621682316
G741R,1,125,43.44510234672077
G768R,1,125,27.477198222458405
D778V,1,152,34.84337112631988
L781P,0,98,38.97306060048324
S782N,0,46,38.841925839573804
A797T,0,58,52.61597947966432
F834L,0,22,86.25095026129094
