measurement_id,variant,source_id,short_construct,long_construct,short_kcat_s_1,short_kcat_error,long_kcat_s_1,long_kcat_error,error_type,reported_lsar,recomputed_lsar,study_wt_lsar,source_location,source_row_id
M001,Y115H,nandwani2025,8-hep HMM,15-hep HMM,4.1,0.1,3.7,0.2,SEM,0.90,0.902439,0.63,Supplementary Table 2; Fig. 5,data/public/lsar-na-rel/measurements.csv:2
M008,E497D,nandwani2025,8-hep HMM,15-hep HMM,6.9,0.1,6.2,0.6,SEM,0.90,0.898551,0.63,Supplementary Table 2; Fig. 5,data/public/lsar-na-rel/measurements.csv:9
M002,R249Q,adhikari2019,2-hep HMM,25-hep HMM,1.69,0.08,1.63,0.06,SEM,0.96,0.964497,0.57,Supplementary Table 1; Fig. 4b,data/public/lsar-na-rel/measurements.csv:3
M003,H251N,adhikari2019,2-hep HMM,25-hep HMM,3.31,0.05,2.95,0.07,SEM,0.91,0.891239,0.57,Supplementary Table 1; Fig. 4d,data/public/lsar-na-rel/measurements.csv:4
M005,D382Y,adhikari2019,2-hep HMM,25-hep HMM,3.21,0.06,2.72,0.12,SEM,0.84,0.847352,0.57,Supplementary Table 1; Fig. 5,data/public/lsar-na-rel/measurements.csv:6
M007,I457T,adhikari2019,2-hep HMM,25-hep HMM,4.19,0.33,2.35,0.31,SEM,0.56,0.560859,0.57,Supplementary Table 1; Fig. 7d,data/public/lsar-na-rel/measurements.csv:8
M011,R719W,adhikari2019,2-hep HMM,25-hep HMM,2.68,0.04,2.79,0.07,SEM,1.03,1.041045,0.57,Supplementary Table 1; Fig. 5,data/public/lsar-na-rel/measurements.csv:12
M010,P710R,vanderroest2021,2-hep HMM,25-hep HMM,3.7,0.3,3.6,0.3,SE_of_fit,,0.972972973,0.625,Results; Fig. 3B-C; Supplementary Table S1,data/public/lsar-na-rel/measurements.csv:11
M013,D778V,morck2022,2-hep HMM,25-hep HMM,6.81,0.33,5.45,0.70,SE_of_fit,0.81,0.800294,0.61,Supplementary file 1 slide 1,data/public/lsar-na-rel/measurements.csv:14
M014,D778V,morck2022,2-hep HMM,25-hep HMM,6.21,0.21,5.02,0.42,SE_of_fit,0.81,0.808374,0.61,Supplementary file 1 slide 1,data/public/lsar-na-rel/measurements.csv:15
M015,L781P,morck2022,2-hep HMM,25-hep HMM,5.42,0.26,4.83,0.40,SE_of_fit,0.85,0.891144,0.61,Supplementary file 1 slide 1,data/public/lsar-na-rel/measurements.csv:16
M016,L781P,morck2022,2-hep HMM,25-hep HMM,4.71,0.10,3.81,0.12,SE_of_fit,0.85,0.808917,0.61,Supplementary file 1 slide 1,data/public/lsar-na-rel/measurements.csv:17
M017,S782N,morck2022,2-hep HMM,25-hep HMM,4.11,0.12,2.96,0.32,SE_of_fit,0.81,0.720195,0.61,Supplementary file 1 slide 1,data/public/lsar-na-rel/measurements.csv:18
M018,S782N,morck2022,2-hep HMM,25-hep HMM,3.89,0.14,3.52,0.26,SE_of_fit,0.81,0.904884,0.61,Supplementary file 1 slide 1,data/public/lsar-na-rel/measurements.csv:19
M019,A797T,morck2022,2-hep HMM,25-hep HMM,5.10,0.32,6.23,0.84,SE_of_fit,1.19,1.221569,0.61,Supplementary file 1 slide 1,data/public/lsar-na-rel/measurements.csv:20
M020,A797T,morck2022,2-hep HMM,25-hep HMM,4.85,0.25,5.60,0.38,SE_of_fit,1.19,1.154639,0.61,Supplementary file 1 slide 1,data/public/lsar-na-rel/measurements.csv:21
M021,F834L,morck2022,2-hep HMM,25-hep HMM,5.12,0.27,4.64,0.31,SE_of_fit,0.82,0.906250,0.61,Supplementary file 1 slide 1,data/public/lsar-na-rel/measurements.csv:22
M022,F834L,morck2022,2-hep HMM,25-hep HMM,4.43,0.18,3.22,0.10,SE_of_fit,0.82,0.726862,0.61,Supplementary file 1 slide 1,data/public/lsar-na-rel/measurements.csv:23
M006,R403Q,sarkar2020,2-hep HMM,25-hep HMM,2.7,0.2,2.2,0.2,SEM / fitted-value bootstrap,,0.814814815,0.583333333333,Results; Fig. 3A,data/public/lsar-na-rel/measurements.csv:7
M009,R663H,sarkar2020,2-hep HMM,25-hep HMM,2.8,0.2,1.9,0.1,SEM / fitted-value bootstrap,,0.678571429,0.583333333333,Results; Fig. 3B,data/public/lsar-na-rel/measurements.csv:10
M012,G768R,pathak2026,2-hep HMM,25-hep HMM,3.8,0.4,3.5,0.4,unspecified,,0.921052632,0.526315789474,Results; Fig. 3A-B; Fig. S1; Table S1 cited,data/public/lsar-na-rel/measurements.csv:13
