variant,canonical_position,canonical_wt,structure,label_chain,author_chain,label_seq_id,author_seq_id,observed_wt,has_ca,heavy_atom_count,status
A797T,797,A,8EFE,A,,,,,0,0,missing_ca_or_residue
A797T,797,A,8EFD,A,,,,,0,0,missing_ca_or_residue
A797T,797,A,8EFI,A,,,,,0,0,missing_ca_or_residue
A797T,797,A,8ACT,A,A,797,797,A,1,5,observed
A797T,797,A,8ACT,B,B,797,797,A,1,5,observed
D239N,239,D,8EFE,A,A,239,239,D,1,8,observed
D239N,239,D,8EFD,A,A,239,239,D,1,8,observed
D239N,239,D,8EFI,A,M,239,239,D,1,8,observed
D239N,239,D,8ACT,A,A,239,239,D,1,8,observed
D239N,239,D,8ACT,B,B,239,239,D,1,8,observed
D382Y,382,D,8EFE,A,A,382,382,D,1,8,observed
D382Y,382,D,8EFD,A,A,382,382,D,1,8,observed
D382Y,382,D,8EFI,A,M,382,382,D,1,8,observed
D382Y,382,D,8ACT,A,A,382,382,D,1,8,observed
D382Y,382,D,8ACT,B,B,382,382,D,1,8,observed
D778V,778,D,8EFE,A,A,778,778,D,1,8,observed
D778V,778,D,8EFD,A,A,778,778,D,1,8,observed
D778V,778,D,8EFI,A,M,778,778,D,1,8,observed
D778V,778,D,8ACT,A,A,778,778,D,1,8,observed
D778V,778,D,8ACT,B,B,778,778,D,1,8,observed
E497D,497,E,8EFE,A,A,497,497,E,1,9,observed
E497D,497,E,8EFD,A,A,497,497,E,1,9,observed
E497D,497,E,8EFI,A,M,497,497,E,1,9,observed
E497D,497,E,8ACT,A,A,497,497,E,1,9,observed
E497D,497,E,8ACT,B,B,497,497,E,1,9,observed
F834L,834,F,8EFE,A,,,,,0,0,missing_ca_or_residue
F834L,834,F,8EFD,A,,,,,0,0,missing_ca_or_residue
F834L,834,F,8EFI,A,,,,,0,0,missing_ca_or_residue
F834L,834,F,8ACT,A,A,834,834,F,1,11,observed
F834L,834,F,8ACT,B,B,834,834,F,1,11,observed
G741R,741,G,8EFE,A,A,741,741,G,1,4,observed
G741R,741,G,8EFD,A,A,741,741,G,1,4,observed
G741R,741,G,8EFI,A,M,741,741,G,1,4,observed
G741R,741,G,8ACT,A,A,741,741,G,1,4,observed
G741R,741,G,8ACT,B,B,741,741,G,1,4,observed
G768R,768,G,8EFE,A,A,768,768,G,1,4,observed
G768R,768,G,8EFD,A,A,768,768,G,1,4,observed
G768R,768,G,8EFI,A,M,768,768,G,1,4,observed
G768R,768,G,8ACT,A,A,768,768,G,1,4,observed
G768R,768,G,8ACT,B,B,768,768,G,1,4,observed
H251N,251,H,8EFE,A,A,251,251,H,1,10,observed
H251N,251,H,8EFD,A,A,251,251,H,1,10,observed
H251N,251,H,8EFI,A,M,251,251,H,1,10,observed
H251N,251,H,8ACT,A,A,251,251,H,1,10,observed
H251N,251,H,8ACT,B,B,251,251,H,1,10,observed
I457T,457,I,8EFE,A,A,457,457,I,1,8,observed
I457T,457,I,8EFD,A,A,457,457,I,1,8,observed
I457T,457,I,8EFI,A,M,457,457,I,1,8,observed
I457T,457,I,8ACT,A,A,457,457,I,1,8,observed
I457T,457,I,8ACT,B,B,457,457,I,1,8,observed
I467V,467,I,8EFE,A,A,467,467,I,1,8,observed
I467V,467,I,8EFD,A,A,467,467,I,1,8,observed
I467V,467,I,8EFI,A,M,467,467,I,1,8,observed
I467V,467,I,8ACT,A,A,467,467,I,1,8,observed
I467V,467,I,8ACT,B,B,467,467,I,1,8,observed
L781P,781,L,8EFE,A,A,781,781,L,1,8,observed
L781P,781,L,8EFD,A,A,781,781,L,1,8,observed
L781P,781,L,8EFI,A,M,781,781,L,1,8,observed
L781P,781,L,8ACT,A,A,781,781,L,1,8,observed
L781P,781,L,8ACT,B,B,781,781,L,1,8,observed
M493I,493,M,8EFE,A,A,493,493,M,1,8,observed
M493I,493,M,8EFD,A,A,493,493,M,1,8,observed
M493I,493,M,8EFI,A,M,493,493,M,1,8,observed
M493I,493,M,8ACT,A,A,493,493,M,1,8,observed
M493I,493,M,8ACT,B,B,493,493,M,1,8,observed
P710R,710,P,8EFE,A,A,710,710,P,1,7,observed
P710R,710,P,8EFD,A,A,710,710,P,1,7,observed
P710R,710,P,8EFI,A,M,710,710,P,1,7,observed
P710R,710,P,8ACT,A,A,710,710,P,1,7,observed
P710R,710,P,8ACT,B,B,710,710,P,1,7,observed
R249Q,249,R,8EFE,A,A,249,249,R,1,11,observed
R249Q,249,R,8EFD,A,A,249,249,R,1,11,observed
R249Q,249,R,8EFI,A,M,249,249,R,1,11,observed
R249Q,249,R,8ACT,A,A,249,249,R,1,11,observed
R249Q,249,R,8ACT,B,B,249,249,R,1,11,observed
R403Q,403,R,8EFE,A,A,403,403,R,1,11,observed
R403Q,403,R,8EFD,A,A,403,403,R,1,11,observed
R403Q,403,R,8EFI,A,M,403,403,R,1,11,observed
R403Q,403,R,8ACT,A,A,403,403,R,1,11,observed
R403Q,403,R,8ACT,B,B,403,403,R,1,11,observed
R453C,453,R,8EFE,A,A,453,453,R,1,11,observed
R453C,453,R,8EFD,A,A,453,453,R,1,11,observed
R453C,453,R,8EFI,A,M,453,453,R,1,11,observed
R453C,453,R,8ACT,A,A,453,453,R,1,11,observed
R453C,453,R,8ACT,B,B,453,453,R,1,11,observed
R663H,663,R,8EFE,A,A,663,663,R,1,11,observed
R663H,663,R,8EFD,A,A,663,663,R,1,11,observed
R663H,663,R,8EFI,A,M,663,663,R,1,11,observed
R663H,663,R,8ACT,A,A,663,663,R,1,11,observed
R663H,663,R,8ACT,B,B,663,663,R,1,11,observed
R671C,671,R,8EFE,A,A,671,671,R,1,11,observed
R671C,671,R,8EFD,A,A,671,671,R,1,11,observed
R671C,671,R,8EFI,A,M,671,671,R,1,11,observed
R671C,671,R,8ACT,A,A,671,671,R,1,11,observed
R671C,671,R,8ACT,B,B,671,671,R,1,11,observed
R719W,719,R,8EFE,A,A,719,719,R,1,11,observed
R719W,719,R,8EFD,A,A,719,719,R,1,11,observed
R719W,719,R,8EFI,A,M,719,719,R,1,11,observed
R719W,719,R,8ACT,A,A,719,719,R,1,11,observed
R719W,719,R,8ACT,B,B,719,719,R,1,11,observed
S782N,782,S,8EFE,A,A,782,782,S,1,6,observed
S782N,782,S,8EFD,A,A,782,782,S,1,6,observed
S782N,782,S,8EFI,A,,,,,0,0,missing_ca_or_residue
S782N,782,S,8ACT,A,A,782,782,S,1,6,observed
S782N,782,S,8ACT,B,B,782,782,S,1,6,observed
Y115H,115,Y,8EFE,A,A,115,115,Y,1,12,observed
Y115H,115,Y,8EFD,A,A,115,115,Y,1,12,observed
Y115H,115,Y,8EFI,A,M,115,115,Y,1,12,observed
Y115H,115,Y,8ACT,A,A,115,115,Y,1,12,observed
Y115H,115,Y,8ACT,B,B,115,115,Y,1,12,observed
