rank,comparison_id,pair_type,x,y,x_unit,y_unit,n_paired,spearman_rho,n_studies,study_ids,paired_variants,n_missing_either,loo_variant_min,loo_variant_max,loo_study_min,loo_study_max,status
1,C048,feature_feature,adp_adenine_ca_distance_8efe_A,catalytic_motif_min_ca_distance_8act_mean_ab,angstrom,angstrom,15,0.932142857143,0,,D239N|D778V|E497D|G741R|G768R|H251N|I457T|L781P|R249Q|R403Q|R453C|R663H|R719W|S782N|Y115H,7,0.916483516484,0.982417582418,,,estimated
2,C035,feature_feature,adp_rigor_ca_shift_A,rigor_actin_min_heavy_distance_8efi_A,angstrom,angstrom,19,0.729824561404,0,,D239N|D382Y|D778V|E497D|G741R|G768R|H251N|I457T|I467V|L781P|M493I|P710R|R249Q|R403Q|R453C|R663H|R671C|R719W|Y115H,3,0.69040247678,0.781217750258,,,estimated
3,C040,feature_feature,adp_rigor_ca_shift_A,catalytic_motif_min_ca_distance_8act_mean_ab,angstrom,angstrom,15,0.710714285714,0,,D239N|D778V|E497D|G741R|G768R|H251N|I457T|L781P|R249Q|R403Q|R453C|R663H|R719W|S782N|Y115H,7,0.665934065934,0.806593406593,,,estimated
4,C054,feature_feature,rigor_actin_min_heavy_distance_8efi_A,grantham_distance,angstrom,Grantham_1974_score,14,0.700442227782,0,,D239N|D778V|E497D|G741R|G768R|H251N|I457T|L781P|R249Q|R403Q|R453C|R663H|R719W|Y115H,8,0.662999251696,0.746559306668,,,estimated
5,C002,outcome_outcome,kcat_rel,v_rel,ratio,ratio,14,0.67032967033,8,adhikari2016|adhikari2019|morck2022|nag2015|nandwani2025|pathak2026|sarkar2020|sommese2013,A797T|D239N|D778V|E497D|F834L|G768R|H251N|I457T|L781P|R403Q|R453C|R663H|S782N|Y115H,8,0.587912087912,0.813186813187,0.587912087912,0.888111888112,estimated
6,C055,feature_feature,rigor_actin_min_heavy_distance_8efi_A,catalytic_motif_min_ca_distance_8act_mean_ab,angstrom,angstrom,14,0.578021978022,0,,D239N|D778V|E497D|G741R|G768R|H251N|I457T|L781P|R249Q|R403Q|R453C|R663H|R719W|Y115H,8,0.472527472527,0.71978021978,,,estimated
7,C039,feature_feature,adp_rigor_ca_shift_A,grantham_distance,angstrom,Grantham_1974_score,15,0.500895255865,0,,D239N|D778V|E497D|G741R|G768R|H251N|I457T|L781P|R249Q|R403Q|R453C|R663H|R719W|S782N|Y115H,7,0.422442499853,0.627754826786,,,estimated
8,C038,feature_feature,adp_rigor_ca_shift_A,delta_charge,angstrom,formal_charge_units,17,0.474219572553,0,,D239N|D382Y|D778V|E497D|G741R|G768R|H251N|I457T|L781P|P710R|R249Q|R403Q|R453C|R663H|R719W|S782N|Y115H,5,0.391390181928,0.626224291085,,,estimated
9,C034,feature_feature,adp_rigor_ca_shift_A,adp_adenine_ca_distance_8efe_A,angstrom,angstrom,20,0.457142857143,0,,D239N|D382Y|D778V|E497D|G741R|G768R|H251N|I457T|I467V|L781P|M493I|P710R|R249Q|R403Q|R453C|R663H|R671C|R719W|S782N|Y115H,2,0.40701754386,0.671929824561,,,estimated
10,C049,feature_feature,adp_adenine_ca_distance_8efe_A,wt_site_rsa_8act_mean_ab,angstrom,fraction_0_to_1,14,0.441758241758,0,,D382Y|D778V|E497D|G768R|H251N|I457T|L781P|P710R|R249Q|R403Q|R663H|R719W|S782N|Y115H,8,0.313186813187,0.565934065934,,,estimated
11,C053,feature_feature,rigor_actin_min_heavy_distance_8efi_A,delta_charge,angstrom,formal_charge_units,16,0.350792560519,0,,D239N|D382Y|D778V|E497D|G741R|G768R|H251N|I457T|L781P|P710R|R249Q|R403Q|R453C|R663H|R719W|Y115H,6,0.24881392527,0.524218651714,,,estimated
12,C027,outcome_feature,v_rel,relay_landmark_min_ca_distance_8act_mean_ab,ratio,angstrom,15,0.35,9,adhikari2016|adhikari2019|morck2022|nag2015|nandwani2025|pathak2026|sarkar2020|sommese2013|vanderroest2021,A797T|D239N|D778V|E497D|F834L|G768R|H251N|I457T|L781P|P710R|R403Q|R453C|R663H|S782N|Y115H,7,0.230769230769,0.476923076923,0.230769230769,0.476923076923,estimated
13,C047,feature_feature,adp_adenine_ca_distance_8efe_A,grantham_distance,angstrom,Grantham_1974_score,15,0.313059534915,0,,D239N|D778V|E497D|G741R|G768R|H251N|I457T|L781P|R249Q|R403Q|R453C|R663H|R719W|S782N|Y115H,7,0.185022475263,0.492849583162,,,estimated
14,C008,outcome_feature,kcat_rel,elc_min_heavy_distance_8act_mean_ab,ratio,angstrom,17,0.308823529412,9,adhikari2016|adhikari2019|kawana2017|morck2022|nag2015|nandwani2025|pathak2026|sarkar2020|sommese2013,A797T|D239N|D778V|E497D|F834L|G741R|G768R|H251N|I457T|L781P|R249Q|R403Q|R453C|R663H|R719W|S782N|Y115H,5,0.214705882353,0.397058823529,0.207142857143,0.45,estimated
15,C061,feature_feature,relay_landmark_min_ca_distance_8act_mean_ab,catalytic_motif_min_ca_distance_8act_mean_ab,angstrom,angstrom,17,0.301470588235,0,,A797T|D239N|D778V|E497D|F834L|G741R|G768R|H251N|I457T|L781P|R249Q|R403Q|R453C|R663H|R719W|S782N|Y115H,5,0.161764705882,0.444117647059,,,estimated
16,C076,feature_feature,catalytic_motif_min_ca_distance_8act_mean_ab,wt_site_rsa_8act_mean_ab,angstrom,fraction_0_to_1,14,0.226373626374,0,,A797T|D778V|E497D|F834L|G768R|H251N|I457T|L781P|R249Q|R403Q|R663H|R719W|S782N|Y115H,8,0.0824175824176,0.368131868132,,,estimated
17,C069,feature_feature,delta_charge,grantham_distance,formal_charge_units,Grantham_1974_score,17,0.226211850202,0,,A797T|D239N|D778V|E497D|F834L|G741R|G768R|H251N|I457T|L781P|R249Q|R403Q|R453C|R663H|R719W|S782N|Y115H,5,0.128368091806,0.422452454953,,,estimated
18,C009,outcome_feature,kcat_rel,delta_charge,ratio,formal_charge_units,17,0.225934459723,9,adhikari2016|adhikari2019|kawana2017|morck2022|nag2015|nandwani2025|pathak2026|sarkar2020|sommese2013,A797T|D239N|D778V|E497D|F834L|G741R|G768R|H251N|I457T|L781P|R249Q|R403Q|R453C|R663H|R719W|S782N|Y115H,5,0.0958706236059,0.367183376871,0.0958706236059,0.367183376871,estimated
19,C043,feature_feature,adp_adenine_ca_distance_8efe_A,rigor_actin_min_heavy_distance_8efi_A,angstrom,angstrom,19,0.208771929825,0,,D239N|D382Y|D778V|E497D|G741R|G768R|H251N|I457T|I467V|L781P|M493I|P710R|R249Q|R403Q|R453C|R663H|R671C|R719W|Y115H,3,0.106295149639,0.422084623323,,,estimated
20,C044,feature_feature,adp_adenine_ca_distance_8efe_A,relay_landmark_min_ca_distance_8act_mean_ab,angstrom,angstrom,20,0.204511278195,0,,D239N|D382Y|D778V|E497D|G741R|G768R|H251N|I457T|I467V|L781P|M493I|P710R|R249Q|R403Q|R453C|R663H|R671C|R719W|S782N|Y115H,2,0.0754385964912,0.310526315789,,,estimated
21,C041,feature_feature,adp_rigor_ca_shift_A,wt_site_rsa_8act_mean_ab,angstrom,fraction_0_to_1,14,0.204395604396,0,,D382Y|D778V|E497D|G768R|H251N|I457T|L781P|P710R|R249Q|R403Q|R663H|R719W|S782N|Y115H,8,0.0879120879121,0.406593406593,,,estimated
22,C016,outcome_feature,Na_rel,rigor_actin_min_heavy_distance_8efi_A,ratio,angstrom,13,0.18431929404,6,adhikari2019|morck2022|nandwani2025|pathak2026|sarkar2020|vanderroest2021,D382Y|D778V|E497D|G768R|H251N|I457T|L781P|P710R|R249Q|R403Q|R663H|R719W|Y115H,9,-0.0385289557586,0.304729013727,-0.0683373071367,0.469249509006,estimated
23,C020,outcome_feature,Na_rel,grantham_distance,ratio,Grantham_1974_score,14,0.174200767399,5,adhikari2019|morck2022|nandwani2025|pathak2026|sarkar2020,A797T|D778V|E497D|F834L|G768R|H251N|I457T|L781P|R249Q|R403Q|R663H|R719W|S782N|Y115H,8,0.0331034797655,0.358126721763,0.00701758705823,0.470588235294,estimated
24,C073,feature_feature,grantham_distance,catalytic_motif_min_ca_distance_8act_mean_ab,Grantham_1974_score,angstrom,17,0.16441730168,0,,A797T|D239N|D778V|E497D|F834L|G741R|G768R|H251N|I457T|L781P|R249Q|R403Q|R453C|R663H|R719W|S782N|Y115H,5,0.0441826694184,0.397644024766,,,estimated
25,C062,feature_feature,relay_landmark_min_ca_distance_8act_mean_ab,wt_site_rsa_8act_mean_ab,angstrom,fraction_0_to_1,16,0.147058823529,0,,A797T|D382Y|D778V|E497D|F834L|G768R|H251N|I457T|L781P|P710R|R249Q|R403Q|R663H|R719W|S782N|Y115H,6,0.0464285714286,0.310714285714,,,estimated
26,C028,outcome_feature,v_rel,elc_min_heavy_distance_8act_mean_ab,ratio,angstrom,15,0.139285714286,9,adhikari2016|adhikari2019|morck2022|nag2015|nandwani2025|pathak2026|sarkar2020|sommese2013|vanderroest2021,A797T|D239N|D778V|E497D|F834L|G768R|H251N|I457T|L781P|P710R|R403Q|R453C|R663H|S782N|Y115H,7,-0.00659340659341,0.235164835165,0.0666666666667,0.269230769231,estimated
27,C070,feature_feature,delta_charge,catalytic_motif_min_ca_distance_8act_mean_ab,formal_charge_units,angstrom,17,0.137410431645,0,,A797T|D239N|D778V|E497D|F834L|G741R|G768R|H251N|I457T|L781P|R249Q|R403Q|R453C|R663H|R719W|S782N|Y115H,5,0.0352752589133,0.333511538817,,,estimated
28,C046,feature_feature,adp_adenine_ca_distance_8efe_A,delta_charge,angstrom,formal_charge_units,17,0.12472624374,0,,D239N|D382Y|D778V|E497D|G741R|G768R|H251N|I457T|L781P|P710R|R249Q|R403Q|R453C|R663H|R719W|S782N|Y115H,5,0.0342997170285,0.300587659721,,,estimated
29,C007,outcome_feature,kcat_rel,relay_landmark_min_ca_distance_8act_mean_ab,ratio,angstrom,17,0.110294117647,9,adhikari2016|adhikari2019|kawana2017|morck2022|nag2015|nandwani2025|pathak2026|sarkar2020|sommese2013,A797T|D239N|D778V|E497D|F834L|G741R|G768R|H251N|I457T|L781P|R249Q|R403Q|R453C|R663H|R719W|S782N|Y115H,5,0.0323529411765,0.317647058824,-0.0321428571429,0.346428571429,estimated
30,C067,feature_feature,elc_min_heavy_distance_8act_mean_ab,wt_site_rsa_8act_mean_ab,angstrom,fraction_0_to_1,16,0.102941176471,0,,A797T|D382Y|D778V|E497D|F834L|G768R|H251N|I457T|L781P|P710R|R249Q|R403Q|R663H|R719W|S782N|Y115H,6,-0.0285714285714,0.214285714286,,,estimated
31,C071,feature_feature,delta_charge,wt_site_rsa_8act_mean_ab,formal_charge_units,fraction_0_to_1,16,0.0958706236059,0,,A797T|D382Y|D778V|E497D|F834L|G768R|H251N|I457T|L781P|P710R|R249Q|R403Q|R663H|R719W|S782N|Y115H,6,-0.0845382891079,0.265410907664,,,estimated
32,C058,feature_feature,relay_landmark_min_ca_distance_8act_mean_ab,elc_min_heavy_distance_8act_mean_ab,angstrom,angstrom,22,0.0671936758893,0,,A797T|D239N|D382Y|D778V|E497D|F834L|G741R|G768R|H251N|I457T|I467V|L781P|M493I|P710R|R249Q|R403Q|R453C|R663H|R671C|R719W|S782N|Y115H,0,-0.0662337662338,0.151948051948,,,estimated
33,C064,feature_feature,elc_min_heavy_distance_8act_mean_ab,delta_charge,angstrom,formal_charge_units,19,0.0439975398713,0,,A797T|D239N|D382Y|D778V|E497D|F834L|G741R|G768R|H251N|I457T|L781P|P710R|R249Q|R403Q|R453C|R663H|R719W|S782N|Y115H,3,-0.0574662821227,0.197296086471,,,estimated
34,C021,outcome_feature,Na_rel,catalytic_motif_min_ca_distance_8act_mean_ab,ratio,angstrom,14,0.0374450247556,5,adhikari2019|morck2022|nandwani2025|pathak2026|sarkar2020,A797T|D778V|E497D|F834L|G768R|H251N|I457T|L781P|R249Q|R403Q|R663H|R719W|S782N|Y115H,8,-0.154270557835,0.148760895056,-0.0243906973328,0.267784770802,estimated
35,C019,outcome_feature,Na_rel,delta_charge,ratio,formal_charge_units,16,0.0288035764741,6,adhikari2019|morck2022|nandwani2025|pathak2026|sarkar2020|vanderroest2021,A797T|D382Y|D778V|E497D|F834L|G768R|H251N|I457T|L781P|P710R|R249Q|R403Q|R663H|R719W|S782N|Y115H,6,-0.114232559129,0.196952688154,-0.178292118363,0.360945425802,estimated
36,C014,outcome_feature,Na_rel,adp_rigor_ca_shift_A,ratio,angstrom,14,-0.00220264851504,6,adhikari2019|morck2022|nandwani2025|pathak2026|sarkar2020|vanderroest2021,D382Y|D778V|E497D|G768R|H251N|I457T|L781P|P710R|R249Q|R403Q|R663H|R719W|S782N|Y115H,8,-0.159780220615,0.143251232276,-0.189474850572,0.528475175191,estimated
37,C059,feature_feature,relay_landmark_min_ca_distance_8act_mean_ab,delta_charge,angstrom,formal_charge_units,19,-0.0290196539577,0,,A797T|D239N|D382Y|D778V|E497D|F834L|G741R|G768R|H251N|I457T|L781P|P710R|R249Q|R403Q|R453C|R663H|R719W|S782N|Y115H,3,-0.143665705307,0.0861994231841,,,estimated
38,C015,outcome_feature,Na_rel,adp_adenine_ca_distance_8efe_A,ratio,angstrom,14,-0.057268861391,6,adhikari2019|morck2022|nandwani2025|pathak2026|sarkar2020|vanderroest2021,D382Y|D778V|E497D|G768R|H251N|I457T|L781P|P710R|R249Q|R403Q|R663H|R719W|S782N|Y115H,8,-0.225896173973,0.0661159533581,-0.22689876784,0.154897896177,estimated
39,C004,outcome_feature,kcat_rel,adp_rigor_ca_shift_A,ratio,angstrom,15,-0.0607142857143,9,adhikari2016|adhikari2019|kawana2017|morck2022|nag2015|nandwani2025|pathak2026|sarkar2020|sommese2013,D239N|D778V|E497D|G741R|G768R|H251N|I457T|L781P|R249Q|R403Q|R453C|R663H|R719W|S782N|Y115H,7,-0.283516483516,0.0461538461538,-0.17032967033,0.0824175824176,estimated
40,C029,outcome_feature,v_rel,delta_charge,ratio,formal_charge_units,15,-0.0688102353204,9,adhikari2016|adhikari2019|morck2022|nag2015|nandwani2025|pathak2026|sarkar2020|sommese2013|vanderroest2021,A797T|D239N|D778V|E497D|F834L|G768R|H251N|I457T|L781P|P710R|R403Q|R453C|R663H|S782N|Y115H,7,-0.243599382882,0.108266392392,-0.302613766334,0.108266392392,estimated
41,C018,outcome_feature,Na_rel,elc_min_heavy_distance_8act_mean_ab,ratio,angstrom,16,-0.0913108501314,6,adhikari2019|morck2022|nandwani2025|pathak2026|sarkar2020|vanderroest2021,A797T|D382Y|D778V|E497D|F834L|G768R|H251N|I457T|L781P|P710R|R249Q|R403Q|R663H|R719W|S782N|Y115H,6,-0.212689986627,0.103756874429,-0.423691304248,-0.0198238366353,estimated
42,C017,outcome_feature,Na_rel,relay_landmark_min_ca_distance_8act_mean_ab,ratio,angstrom,16,-0.094256361426,6,adhikari2019|morck2022|nandwani2025|pathak2026|sarkar2020|vanderroest2021,A797T|D382Y|D778V|E497D|F834L|G768R|H251N|I457T|L781P|P710R|R249Q|R403Q|R663H|R719W|S782N|Y115H,6,-0.255814362817,-0.0178891162809,-0.202643663384,0.00911164095156,estimated
43,C032,outcome_feature,v_rel,wt_site_rsa_8act_mean_ab,ratio,fraction_0_to_1,13,-0.0989010989011,8,adhikari2016|adhikari2019|morck2022|nag2015|nandwani2025|pathak2026|sarkar2020|vanderroest2021,A797T|D778V|E497D|F834L|G768R|H251N|I457T|L781P|P710R|R403Q|R663H|S782N|Y115H,9,-0.20979020979,0.146853146853,-0.452380952381,0.146853146853,estimated
44,C074,feature_feature,grantham_distance,wt_site_rsa_8act_mean_ab,Grantham_1974_score,fraction_0_to_1,14,-0.11001106767,0,,A797T|D778V|E497D|F834L|G768R|H251N|I457T|L781P|R249Q|R403Q|R663H|R719W|S782N|Y115H,8,-0.371389622319,0.0302613766334,,,estimated
45,C005,outcome_feature,kcat_rel,adp_adenine_ca_distance_8efe_A,ratio,angstrom,15,-0.110714285714,9,adhikari2016|adhikari2019|kawana2017|morck2022|nag2015|nandwani2025|pathak2026|sarkar2020|sommese2013,D239N|D778V|E497D|G741R|G768R|H251N|I457T|L781P|R249Q|R403Q|R453C|R663H|R719W|S782N|Y115H,7,-0.265934065934,0.0285714285714,-0.230769230769,0.115384615385,estimated
46,C036,feature_feature,adp_rigor_ca_shift_A,relay_landmark_min_ca_distance_8act_mean_ab,angstrom,angstrom,20,-0.141353383459,0,,D239N|D382Y|D778V|E497D|G741R|G768R|H251N|I457T|I467V|L781P|M493I|P710R|R249Q|R403Q|R453C|R663H|R671C|R719W|S782N|Y115H,2,-0.257894736842,-0.0263157894737,,,estimated
47,C022,outcome_feature,Na_rel,wt_site_rsa_8act_mean_ab,ratio,fraction_0_to_1,16,-0.15169383167,6,adhikari2019|morck2022|nandwani2025|pathak2026|sarkar2020|vanderroest2021,A797T|D382Y|D778V|E497D|F834L|G768R|H251N|I457T|L781P|P710R|R249Q|R403Q|R663H|R719W|S782N|Y115H,6,-0.398927293064,-0.0500895255865,-0.515987114424,0.341686535684,estimated
48,C051,feature_feature,rigor_actin_min_heavy_distance_8efi_A,relay_landmark_min_ca_distance_8act_mean_ab,angstrom,angstrom,19,-0.159649122807,0,,D239N|D382Y|D778V|E497D|G741R|G768R|H251N|I457T|I467V|L781P|M493I|P710R|R249Q|R403Q|R453C|R663H|R671C|R719W|Y115H,3,-0.279669762642,-0.015479876161,,,estimated
49,C025,outcome_feature,v_rel,adp_adenine_ca_distance_8efe_A,ratio,angstrom,13,-0.192307692308,9,adhikari2016|adhikari2019|morck2022|nag2015|nandwani2025|pathak2026|sarkar2020|sommese2013|vanderroest2021,D239N|D778V|E497D|G768R|H251N|I457T|L781P|P710R|R403Q|R453C|R663H|S782N|Y115H,9,-0.41958041958,-0.048951048951,-0.463636363636,0.1,estimated
50,C056,feature_feature,rigor_actin_min_heavy_distance_8efi_A,wt_site_rsa_8act_mean_ab,angstrom,fraction_0_to_1,13,-0.214285714286,0,,D382Y|D778V|E497D|G768R|H251N|I457T|L781P|P710R|R249Q|R403Q|R663H|R719W|Y115H,9,-0.370629370629,-0.0769230769231,,,estimated
51,C031,outcome_feature,v_rel,catalytic_motif_min_ca_distance_8act_mean_ab,ratio,angstrom,14,-0.221978021978,8,adhikari2016|adhikari2019|morck2022|nag2015|nandwani2025|pathak2026|sarkar2020|sommese2013,A797T|D239N|D778V|E497D|F834L|G768R|H251N|I457T|L781P|R403Q|R453C|R663H|S782N|Y115H,8,-0.428571428571,-0.0384615384615,-0.496503496503,0.104895104895,estimated
52,C011,outcome_feature,kcat_rel,catalytic_motif_min_ca_distance_8act_mean_ab,ratio,angstrom,17,-0.242647058824,9,adhikari2016|adhikari2019|kawana2017|morck2022|nag2015|nandwani2025|pathak2026|sarkar2020|sommese2013,A797T|D239N|D778V|E497D|F834L|G741R|G768R|H251N|I457T|L781P|R249Q|R403Q|R453C|R663H|R719W|S782N|Y115H,5,-0.435294117647,-0.120588235294,-0.346428571429,-0.0321428571429,estimated
53,C045,feature_feature,adp_adenine_ca_distance_8efe_A,elc_min_heavy_distance_8act_mean_ab,angstrom,angstrom,20,-0.291729323308,0,,D239N|D382Y|D778V|E497D|G741R|G768R|H251N|I457T|I467V|L781P|M493I|P710R|R249Q|R403Q|R453C|R663H|R671C|R719W|S782N|Y115H,2,-0.50701754386,-0.250877192982,,,estimated
54,C006,outcome_feature,kcat_rel,rigor_actin_min_heavy_distance_8efi_A,ratio,angstrom,14,-0.296703296703,9,adhikari2016|adhikari2019|kawana2017|morck2022|nag2015|nandwani2025|pathak2026|sarkar2020|sommese2013,D239N|D778V|E497D|G741R|G768R|H251N|I457T|L781P|R249Q|R403Q|R453C|R663H|R719W|Y115H,8,-0.510989010989,-0.203296703297,-0.482517482517,-0.167832167832,estimated
55,C060,feature_feature,relay_landmark_min_ca_distance_8act_mean_ab,grantham_distance,angstrom,Grantham_1974_score,17,-0.310429681531,0,,A797T|D239N|D778V|E497D|F834L|G741R|G768R|H251N|I457T|L781P|R249Q|R403Q|R453C|R663H|R719W|S782N|Y115H,5,-0.478645585366,-0.172312410732,,,estimated
56,C030,outcome_feature,v_rel,grantham_distance,ratio,Grantham_1974_score,14,-0.336263736264,8,adhikari2016|adhikari2019|morck2022|nag2015|nandwani2025|pathak2026|sarkar2020|sommese2013,A797T|D239N|D778V|E497D|F834L|G768R|H251N|I457T|L781P|R403Q|R453C|R663H|S782N|Y115H,8,-0.538461538462,-0.225274725275,-0.472527472527,-0.225274725275,estimated
57,C010,outcome_feature,kcat_rel,grantham_distance,ratio,Grantham_1974_score,17,-0.352147504345,9,adhikari2016|adhikari2019|kawana2017|morck2022|nag2015|nandwani2025|pathak2026|sarkar2020|sommese2013,A797T|D239N|D778V|E497D|F834L|G741R|G768R|H251N|I457T|L781P|R249Q|R403Q|R453C|R663H|R719W|S782N|Y115H,5,-0.484179674863,-0.222386102739,-0.563002905778,-0.214477297439,estimated
58,C012,outcome_feature,kcat_rel,wt_site_rsa_8act_mean_ab,ratio,fraction_0_to_1,14,-0.402197802198,8,adhikari2016|adhikari2019|kawana2017|morck2022|nag2015|nandwani2025|pathak2026|sarkar2020,A797T|D778V|E497D|F834L|G768R|H251N|I457T|L781P|R249Q|R403Q|R663H|R719W|S782N|Y115H,8,-0.549450549451,-0.252747252747,-0.733333333333,-0.244755244755,estimated
59,C024,outcome_feature,v_rel,adp_rigor_ca_shift_A,ratio,angstrom,13,-0.434065934066,9,adhikari2016|adhikari2019|morck2022|nag2015|nandwani2025|pathak2026|sarkar2020|sommese2013|vanderroest2021,D239N|D778V|E497D|G768R|H251N|I457T|L781P|P710R|R403Q|R453C|R663H|S782N|Y115H,9,-0.629370629371,-0.342657342657,-0.709090909091,-0.342657342657,estimated
60,C066,feature_feature,elc_min_heavy_distance_8act_mean_ab,catalytic_motif_min_ca_distance_8act_mean_ab,angstrom,angstrom,17,-0.450980392157,0,,A797T|D239N|D778V|E497D|F834L|G741R|G768R|H251N|I457T|L781P|R249Q|R403Q|R453C|R663H|R719W|S782N|Y115H,5,-0.673529411765,-0.367647058824,,,estimated
61,C026,outcome_feature,v_rel,rigor_actin_min_heavy_distance_8efi_A,ratio,angstrom,12,-0.454545454545,9,adhikari2016|adhikari2019|morck2022|nag2015|nandwani2025|pathak2026|sarkar2020|sommese2013|vanderroest2021,D239N|D778V|E497D|G768R|H251N|I457T|L781P|P710R|R403Q|R453C|R663H|Y115H,10,-0.709090909091,-0.363636363636,-0.684848484848,-0.363636363636,estimated
62,C037,feature_feature,adp_rigor_ca_shift_A,elc_min_heavy_distance_8act_mean_ab,angstrom,angstrom,20,-0.524812030075,0,,D239N|D382Y|D778V|E497D|G741R|G768R|H251N|I457T|I467V|L781P|M493I|P710R|R249Q|R403Q|R453C|R663H|R671C|R719W|S782N|Y115H,2,-0.60350877193,-0.445614035088,,,estimated
63,C001,outcome_outcome,kcat_rel,Na_rel,ratio,ratio,14,-0.548459480244,8,adhikari2016|adhikari2019|kawana2017|morck2022|nag2015|nandwani2025|pathak2026|sarkar2020,A797T|D778V|E497D|F834L|G768R|H251N|I457T|L781P|R249Q|R403Q|R663H|R719W|S782N|Y115H,8,-0.633611219681,-0.435263359607,-0.711303297442,-0.231711624661,estimated
64,C003,outcome_outcome,Na_rel,v_rel,ratio,ratio,13,-0.570250097713,8,adhikari2016|adhikari2019|morck2022|nag2015|nandwani2025|pathak2026|sarkar2020|vanderroest2021,A797T|D778V|E497D|F834L|G768R|H251N|I457T|L781P|P710R|R403Q|R663H|S782N|Y115H,9,-0.743864228172,-0.452634365256,-0.743864228172,-0.487722300547,estimated
65,C065,feature_feature,elc_min_heavy_distance_8act_mean_ab,grantham_distance,angstrom,Grantham_1974_score,17,-0.606135425598,0,,A797T|D239N|D778V|E497D|F834L|G741R|G768R|H251N|I457T|L781P|R249Q|R403Q|R453C|R663H|R719W|S782N|Y115H,5,-0.692195154222,-0.540501322552,,,estimated
66,C052,feature_feature,rigor_actin_min_heavy_distance_8efi_A,elc_min_heavy_distance_8act_mean_ab,angstrom,angstrom,19,-0.721052631579,0,,D239N|D382Y|D778V|E497D|G741R|G768R|H251N|I457T|I467V|L781P|M493I|P710R|R249Q|R403Q|R453C|R663H|R671C|R719W|Y115H,3,-0.772961816305,-0.671826625387,,,estimated
