variant,source_id,context,status,construct,filament,metric,temperature_c,wt_velocity,mutant_velocity,unit,wt_error,mutant_error,error_type,source_location,reason
R403Q,nag2015,pure-actin 25 mM KCl,within_study_metric_sensitivity,sS1,pure_F_actin,MVEL,23,470,590,nm/s,10,20,SEM,motility-note:198-210,Alternative FAST metric on same biological study; never independent variant
R403Q,nag2015,pure-actin 25 mM KCl,within_study_metric_sensitivity,sS1,pure_F_actin,TOP5,23,780,860,nm/s,20,20,SEM,motility-note:198-210,Alternative FAST metric on same biological study; never independent variant
R403Q,nag2015,pure-actin 25 mM KCl,within_study_metric_sensitivity,sS1,pure_F_actin,PLATEAU,23,610,690,nm/s,20,20,SEM,motility-note:198-210,Alternative FAST metric on same biological study; never independent variant
R403Q,nag2015,pure-actin 2.5 mM KCl,condition_sensitivity_only,sS1,pure_F_actin,MVEL20,23,630,800,nm/s,30,40,SEM,motility-note:211-215,Different ionic-strength condition from primary; never independent variant
R403Q,nag2015,regulated thin filament 2.5 mM KCl,excluded_wrong_filament,sS1,regulated_thin_filament,MVEL20,23,1080,1100,nm/s,40,30,SEM,motility-note:211-215,Not pure-actin unloaded primary condition
R663H,sarkar2020,regulated thin filament,excluded_wrong_filament,sS1,regulated_thin_filament,unloaded_velocity_unspecified,23,1019,944,nm/s,25,42,SEM,motility-note:320-324,Not pure-actin unloaded primary condition
R671C,liu2024,pure-actin 30C,within_study_temperature_sensitivity,human beta S1 1-842 + human ELC + endogenous mouse RLC,pure_F_actin,MVEL20,30,1727,2080,nm/s,15,39,SEM,motility-master:1442,Same variant and paper as 23C pair; never an independent variant
Y115H,nandwani2025,SI Note 1 pure-actin aggregate,within_study_aggregate_sensitivity,sS1 1-808 + ventricular ELC,pure_F_actin,MVEL20,23,896,401,nm/s,23,10,SEM,Supplementary Information Note 1,Alternative same-study aggregate; never independent variant
E497D,nandwani2025,SI Note 1 pure-actin aggregate,within_study_aggregate_sensitivity,sS1 1-808 + ventricular ELC,pure_F_actin,MVEL20,23,896,702,nm/s,23,28,SEM,Supplementary Information Note 1,Alternative same-study aggregate; never independent variant
