variant,cohort,source_id,doi,source_location,construct_family,construct,filament,metric,temperature_c,wt_velocity,mutant_velocity,velocity_unit,wt_error,mutant_error,error_type,wt_context_id,source_row_id,table1_number,table1_direction,table1_agreement,selection_basis,notes
Y115H,table1_primary,nandwani2025,10.1038/s41467-025-63816-1,Figure 2b; Supplementary Table 1,sS1/S1,sS1 1-808 + ventricular ELC,pure_F_actin,MVEL20,23,903,406,nm/s,24,19,SEM,nandwani2025-ss1-mvel20-23c,motility-note:59-77,45,decrease,magnitude_discrepancy,final primary numeric pure-actin MVEL20,Primary gives about -55 percent rather than compiled -45 percent
D239N,table1_primary,adhikari2016,10.1016/j.celrep.2016.11.040,Table S2; Figure 2,sS1/S1,sS1 + ELC,pure_F_actin,MVEL,23,860,1670,nm/s,10,40,SEM,adhikari2016-ss1-mvel-23c,motility-note:93-111,95,increase,aligned,same-study pure-actin MVEL,Shared printed WT with H251N
H251N,table1_primary,adhikari2016,10.1016/j.celrep.2016.11.040,Table S2,sS1/S1,sS1 + ELC,pure_F_actin,MVEL,23,860,1200,nm/s,10,20,SEM,adhikari2016-ss1-mvel-23c,motility-note:123-141,40,increase,aligned,same-study pure-actin MVEL,Shared printed WT with D239N
R403Q,table1_primary,nag2015,10.1126/sciadv.1500511,Figure 1; Figure 6,sS1/S1,sS1 1-808 + ELC,pure_F_actin,MVEL20,23,550,630,nm/s,20,20,SEM,nag2015-ss1-mvel20-25mM-KCl,motility-note:186-218,15,increase,aligned,Table 1-aligned MVEL20 chosen from several same-condition FAST metrics before correlation analysis,Metric choice is post hoc relative to Table 1; other metric and regulated-filament values remain separate
R453C,table1_primary,sommese2013,10.1073/pnas.1309493110,Figure 2,sS1/S1,S1-eGFP + ELC,pure_F_actin,v0,23,800,610,nm/s,40,30,SEM,sommese2013-s1egfp-v0-23c,motility-note:222-239,25,decrease,aligned,reported 23C length-extrapolated unloaded v0,Not the same metric as MVEL
I457T,table1_primary,adhikari2019,10.1038/s41467-019-10555-9,Results; Figure 7f,2-hep_HMM,2-hep HMM,pure_F_actin,unloaded_velocity_unspecified,23,700,1700,nm/s,,,unreported,adhikari2019-2hep-velocity-23c,motility-note:243-260,240,increase,percent_convention_discrepancy,typed primary absolute pair,Mutant is about 243 percent OF WT and change is about +143 percent
E497D,table1_primary,nandwani2025,10.1038/s41467-025-63816-1,Figure 2b; Supplementary Table 1,sS1/S1,sS1 1-808 + ventricular ELC,pure_F_actin,MVEL20,23,903,730,nm/s,24,34,SEM,nandwani2025-ss1-mvel20-23c,motility-note:264-281,20,decrease,aligned,final primary numeric pure-actin MVEL20,Shared printed WT with Y115H
R663H,table1_primary,sarkar2020,10.1126/sciadv.aax0069,Figure 1C; Table S1,sS1/S1,sS1,pure_F_actin,unloaded_velocity_unspecified,23,820,834,nm/s,39,31,SEM,sarkar2020-ss1-motility-23c,motility-note:303-324,0,none,aligned_no_change,reported pure-actin pair,Small effect described as unchanged; regulated filaments excluded
P710R,table1_primary,vanderroest2021,10.1073/pnas.2025030118,Results; Figure 2,sS1/S1,sS1,pure_F_actin,MVIS,23,762,239,nm/s,16,9,SEM,vanderroest2021-ss1-mvis-23c,motility-note:328-346,50,decrease,magnitude_discrepancy,typed primary MVIS pair including stuck filaments,Primary gives about -69 percent rather than compiled -50 percent
G768R,table1_primary,pathak2026,10.64898/2026.06.02.729673,Figure 1D,sS1/S1,sS1,pure_F_actin,MVEL20,23,979.6,194,nm/s,61,2,unspecified,pathak2026-ss1-mvel20-23c,motility-note:379-395,80,decrease,aligned,preprint numeric pure-actin MVEL20,Error display type not specified for velocity
I467V,expanded_sensitivity,lehman2023,10.1101/2023.07.03.547580,Figure 3A–B,sS1/S1,human beta S1 1-842,pure_F_actin,unloaded_velocity_unspecified,,1.543,3.18,um/s,0.14,0.18,SEM,lehman2023-human-beta-s1,motility-master:987,,,outside_table1,primary human beta MYH7 HCM pair outside Table 1,Preprint; room temperature without reported numeric temperature; three purifications and 7-9 videos per construct
R671C,expanded_sensitivity,liu2024,10.1073/pnas.2315472121,Table 1,sS1/S1,human beta S1 1-842 + human ELC + endogenous mouse RLC,pure_F_actin,MVEL20,23,837,988,nm/s,5,15,SEM,liu2024-human-beta-s1-23c,motility-master:1441,,,outside_table1,final paper filtered mean MVEL20 23C pair; 30C is within-study sensitivity,23C and 30C are not independent variants
M493I,expanded_sensitivity,cail2025,10.1073/pnas.2521561122,Figure 1C–D; Table 1,42-hep_HMM,human beta-cHMM 42-heptad S2Tag,pure_F_actin,unloaded_velocity_unspecified,32,1.6,0.46,um/s,0.2,0.04,SD,cail2025-human-beta-42hep-32c,motility-master:1003,,,outside_table1,final paper matched 42-heptad pair; high-heterogeneity sensitivity only,"Construct and 32C differ strongly from primary short-head assays; reported SD is fitted filament-velocity distribution, not independent-prep uncertainty"
