measurement_id,variant,gene,source_id,biological_replicate,canonical_evidence,construct_family,construct,actin_system,assay_regime,detection_chemistry,temperature_c,wt_kcat_s_1,wt_kcat_error,mutant_kcat_s_1,mutant_kcat_error,error_type,reported_kcat_rel,reported_kcat_rel_error,wt_context_id,mutant_context_id,wt_context_match,source_location,doi,evidence_epoch,notes
M001,Y115H,MYH7,nandwani2025,summary,true,sS1/S1,sS1 1-808,pure_actin,steady_state_actin_activated_kcat,NADH-coupled,23,3.1,0.2,3.2,0.1,SEM,,,nandwani2025-y115h-ss1,nandwani2025-y115h-ss1,true,Results; Figure 2a; Supplementary Table 1,10.1038/s41467-025-63816-1,published_primary,
M002,D239N,MYH7,adhikari2016,summary,true,sS1/S1,sS1,pure_actin,steady_state_actin_activated_kcat,colorimetric_Pi,23,4.5,0.4,6.7,0.5,SEM,,,adhikari2016-d239n-ss1,adhikari2016-d239n-ss1,true,Results; Figure 2; Table S2,10.1016/j.celrep.2016.11.040,published_primary,
M003,R249Q,MYH7,adhikari2019,summary,true,2-hep HMM,2-hep HMM,pure_actin,steady_state_actin_activated_kcat,colorimetric_Pi,23,2.39,0.06,1.69,0.08,SEM,,,adhikari2019-r249q-2hep,adhikari2019-r249q-2hep,true,Supplementary Table 1; Figure 4b,10.1038/s41467-019-10555-9,published_primary,25-hep is an LSAR context and is not this label
M004,H251N,MYH7,adhikari2016,summary,true,sS1/S1,sS1,pure_actin,steady_state_actin_activated_kcat,colorimetric_Pi,23,4.5,0.4,5.6,0.4,SEM,,,adhikari2016-h251n-ss1,adhikari2016-h251n-ss1,true,Results; Figure 2; Table S2,10.1016/j.celrep.2016.11.040,published_primary,sS1 chosen over Adhikari 2019 2-hep
M005,R403Q,MYH7,nag2015,summary,true,sS1/S1,sS1 1-808,pure_actin,steady_state_actin_activated_kcat,colorimetric_Pi,23,6.0,0.5,7.6,0.5,SEM,,,nag2015-r403q-pure-actin,nag2015-r403q-pure-actin,true,Results; Figure 2A,10.1126/sciadv.1500511,published_primary,regulated-thin-filament result is excluded
M006,R453C,MYH7,sommese2013,summary,true,sS1/S1,S1 1-808,pure_actin,steady_state_actin_activated_kcat,colorimetric_Pi,23,7.4,0.4,5.0,0.2,SEM,,,sommese2013-r453c-s1,sommese2013-r453c-s1,true,Results; Figure 1A; Table S1,10.1073/pnas.1309493110,published_primary,
M007,I457T,MYH7,adhikari2019,summary,true,2-hep HMM,2-hep HMM,pure_actin,steady_state_actin_activated_kcat,colorimetric_Pi,23,2.39,0.06,4.19,0.33,SEM,,,adhikari2019-i457t-2hep,adhikari2019-i457t-2hep,true,Figure 7e; Supplementary Table 1,10.1038/s41467-019-10555-9,published_primary,precise supplementary-table values used
M008,E497D,MYH7,nandwani2025,summary,true,sS1/S1,sS1 1-808,pure_actin,steady_state_actin_activated_kcat,NADH-coupled,23,3.1,0.2,4.7,0.3,SEM,,,nandwani2025-e497d-ss1,nandwani2025-e497d-ss1,true,Results; Figure 2a; Supplementary Table 1,10.1038/s41467-025-63816-1,published_primary,
M009,R663H,MYH7,sarkar2020,summary,true,sS1/S1,sS1,pure_actin,steady_state_actin_activated_kcat,colorimetric_Pi,23,3.0,0.2,2.9,0.1,SEM,,,sarkar2020-r663h-ss1,sarkar2020-r663h-ss1,true,Results; Figure 1A; Table S1,10.1126/sciadv.aax0069,published_primary,sS1 chosen over 2-hep
M010,R719W,MYH7,kawana2017,summary,true,sS1/S1,sS1 1-808,pure_actin,steady_state_actin_activated_kcat,colorimetric_Pi,23,5.7,0.4,5.4,0.4,SEM,,,kawana2017-r719w-ss1,kawana2017-r719w-ss1,true,Table S1; Figure 2B,10.1126/sciadv.1601959,published_primary,sS1 chosen over Adhikari 2019 2-hep
M011,G741R,MYH7,kawana2017,summary,true,sS1/S1,sS1,pure_actin,steady_state_actin_activated_kcat,colorimetric_Pi,23,5.1,0.3,4.6,0.3,SEM,,,kawana2017-g741r-ss1,kawana2017-g741r-ss1,true,Table S1,10.1126/sciadv.1601959,published_primary,
M012,G768R,MYH7,pathak2026,summary,true,sS1/S1,sS1 1-808,pure_actin,steady_state_actin_activated_kcat,NADH-coupled,23,5.37,0.06,3.92,0.13,not_reported,,,pathak2026-g768r-ss1,pathak2026-g768r-ss1,true,Results; Figure 1C; Table S1; Figure S1,10.64898/2026.06.02.729673,preprint_primary,error bars not labeled SEM versus SD for this result
M013,D778V,MYH7,morck2022,1,true,2-hep HMM,2-hep HMM,pure_actin,steady_state_actin_activated_kcat,NADH-coupled,room_temperature,5.81,0.36,6.81,0.33,SE_of_fit,1.17,0.11,morck2022-d778v-rep1,morck2022-d778v-rep1,true,Supplementary file 1; Figure 3,10.7554/eLife.76805,published_primary,same-day paired WT and mutant
M014,D778V,MYH7,morck2022,2,true,2-hep HMM,2-hep HMM,pure_actin,steady_state_actin_activated_kcat,NADH-coupled,room_temperature,5.40,0.17,6.21,0.21,SE_of_fit,1.15,0.07,morck2022-d778v-rep2,morck2022-d778v-rep2,true,Supplementary file 1; Figure 3,10.7554/eLife.76805,published_primary,same-day paired WT and mutant
M015,L781P,MYH7,morck2022,1,true,2-hep HMM,2-hep HMM,pure_actin,steady_state_actin_activated_kcat,NADH-coupled,room_temperature,5.56,0.30,5.42,0.26,SE_of_fit,0.98,0.10,morck2022-l781p-rep1,morck2022-l781p-rep1,true,Supplementary file 1; Figure 3,10.7554/eLife.76805,published_primary,same-day paired WT and mutant
M016,L781P,MYH7,morck2022,2,true,2-hep HMM,2-hep HMM,pure_actin,steady_state_actin_activated_kcat,NADH-coupled,room_temperature,4.84,0.15,4.71,0.10,SE_of_fit,0.97,0.05,morck2022-l781p-rep2,morck2022-l781p-rep2,true,Supplementary file 1; Figure 3,10.7554/eLife.76805,published_primary,same-day paired WT and mutant
M017,S782N,MYH7,morck2022,1,true,2-hep HMM,2-hep HMM,pure_actin,steady_state_actin_activated_kcat,NADH-coupled,room_temperature,3.95,0.15,4.11,0.12,SE_of_fit,1.04,0.07,morck2022-s782n-rep1,morck2022-s782n-rep1,true,Supplementary file 1; Figure 3,10.7554/eLife.76805,published_primary,same-day paired WT and mutant
M018,S782N,MYH7,morck2022,2,true,2-hep HMM,2-hep HMM,pure_actin,steady_state_actin_activated_kcat,NADH-coupled,room_temperature,3.78,0.13,3.89,0.14,SE_of_fit,1.03,0.07,morck2022-s782n-rep2,morck2022-s782n-rep2,true,Supplementary file 1; Figure 3,10.7554/eLife.76805,published_primary,same-day paired WT and mutant
M019,A797T,MYH7,morck2022,1,true,2-hep HMM,2-hep HMM,pure_actin,steady_state_actin_activated_kcat,NADH-coupled,room_temperature,5.70,0.39,5.10,0.32,SE_of_fit,0.89,0.13,morck2022-a797t-rep1,morck2022-a797t-rep1,true,Supplementary file 1; Figure 3,10.7554/eLife.76805,published_primary,same-day paired WT and mutant
M020,A797T,MYH7,morck2022,2,true,2-hep HMM,2-hep HMM,pure_actin,steady_state_actin_activated_kcat,NADH-coupled,room_temperature,5.02,0.19,4.85,0.25,SE_of_fit,0.97,0.09,morck2022-a797t-rep2,morck2022-a797t-rep2,true,Supplementary file 1; Figure 3,10.7554/eLife.76805,published_primary,same-day paired WT and mutant
M021,F834L,MYH7,morck2022,1,true,2-hep HMM,2-hep HMM,pure_actin,steady_state_actin_activated_kcat,NADH-coupled,room_temperature,4.65,0.29,5.12,0.27,SE_of_fit,1.10,0.12,morck2022-f834l-rep1,morck2022-f834l-rep1,true,Supplementary file 1; Figure 3,10.7554/eLife.76805,published_primary,same-day paired WT and mutant
M022,F834L,MYH7,morck2022,2,true,2-hep HMM,2-hep HMM,pure_actin,steady_state_actin_activated_kcat,NADH-coupled,room_temperature,4.64,0.20,4.43,0.18,SE_of_fit,0.96,0.08,morck2022-f834l-rep2,morck2022-f834l-rep2,true,Supplementary file 1; Figure 3,10.7554/eLife.76805,published_primary,same-day paired WT and mutant
