label_id,variant,gene,source_id,canonical_measurement_ids,construct_family,construct,aggregation_method,wt_kcat_s_1,wt_kcat_error,mutant_kcat_s_1,mutant_kcat_error,error_type,kcat_rel,kcat_rel_error,ln_kcat_rel,ln_kcat_rel_error,uncertainty_method,selection_basis
KCAT001,Y115H,MYH7,nandwani2025,M001,sS1/S1,sS1 1-808,ratio_of_summary_means,3.1,0.2,3.2,0.1,SEM,1.03225806451613,0.0739985294383393,0.0317486983145803,0.0716860753933912,first-order independent-error propagation,sS1 preferred
KCAT002,D239N,MYH7,adhikari2016,M002,sS1/S1,sS1,ratio_of_summary_means,4.5,0.4,6.7,0.5,SEM,1.48888888888889,0.172803523591345,0.398030129620646,0.116062068083739,first-order independent-error propagation,sS1 preferred
KCAT003,R249Q,MYH7,adhikari2019,M003,2-hep HMM,2-hep HMM,ratio_of_summary_means,2.39,0.06,1.69,0.08,SEM,0.707112970711297,0.0378887135470352,-0.346564837008437,0.0535822635369314,first-order independent-error propagation,no eligible sS1 measurement
KCAT004,H251N,MYH7,adhikari2016,M004,sS1/S1,sS1,ratio_of_summary_means,4.5,0.4,5.6,0.4,SEM,1.24444444444444,0.141906370810167,0.218689200964829,0.114031905115313,first-order independent-error propagation,sS1 preferred over eligible 2-hep
KCAT005,R403Q,MYH7,nag2015,M005,sS1/S1,sS1 1-808,ratio_of_summary_means,6.0,0.5,7.6,0.5,SEM,1.26666666666667,0.134485760410113,0.23638877806423,0.106172968744826,first-order independent-error propagation,pure-actin sS1 preferred
KCAT006,R453C,MYH7,sommese2013,M006,sS1/S1,S1 1-808,ratio_of_summary_means,7.4,0.4,5.0,0.2,SEM,0.675675675675676,0.0454355633019255,-0.392042087776024,0.0672446336868497,first-order independent-error propagation,S1 preferred
KCAT007,I457T,MYH7,adhikari2019,M007,2-hep HMM,2-hep HMM,ratio_of_summary_means,2.39,0.06,4.19,0.33,SEM,1.75313807531381,0.144920094746914,0.561407367990627,0.0826632521348744,first-order independent-error propagation,no eligible sS1 measurement
KCAT008,E497D,MYH7,nandwani2025,M008,sS1/S1,sS1 1-808,ratio_of_summary_means,3.1,0.2,4.7,0.3,SEM,1.51612903225806,0.137597147479928,0.416160397224912,0.0907555653591013,first-order independent-error propagation,sS1 preferred
KCAT009,R663H,MYH7,sarkar2020,M009,sS1/S1,sS1,ratio_of_summary_means,3.0,0.2,2.9,0.1,SEM,0.966666666666667,0.0725547898547311,-0.0339015516756813,0.0750566791600667,first-order independent-error propagation,sS1 preferred over eligible 2-hep
KCAT010,R719W,MYH7,kawana2017,M010,sS1/S1,sS1 1-808,ratio_of_summary_means,5.7,0.4,5.4,0.4,SEM,0.947368421052632,0.0966666838655764,-0.0540672212702757,0.102037055191442,first-order independent-error propagation,sS1 preferred over eligible 2-hep
KCAT011,G741R,MYH7,kawana2017,M011,sS1/S1,sS1,ratio_of_summary_means,5.1,0.3,4.6,0.3,SEM,0.901960784313726,0.0792161699362988,-0.103184236235231,0.0878266231902444,first-order independent-error propagation,sS1 preferred
KCAT012,G768R,MYH7,pathak2026,M012,sS1/S1,sS1 1-808,ratio_of_summary_means,5.37,0.06,3.92,0.13,not_reported,0.729981378026071,0.0255456168614739,-0.314736254718402,0.0349948884046211,first-order propagation of reported unlabeled errors,sS1 preferred over eligible 2-hep
KCAT013,D778V,MYH7,morck2022,M013|M014,2-hep HMM,2-hep HMM,mean_of_reported_paired_ratios,5.81|5.40,0.36|0.17,6.81|6.21,0.33|0.21,SE_of_fit,1.16,0.09,0.148420005118273,0.0775862068965517,mean of published paired-ratio errors,no eligible sS1 measurement
KCAT014,L781P,MYH7,morck2022,M015|M016,2-hep HMM,2-hep HMM,mean_of_reported_paired_ratios,5.56|4.84,0.30|0.15,5.42|4.71,0.26|0.10,SE_of_fit,0.97,0.08,-0.0304592074847086,0.0824742268041237,mean of published paired-ratio errors,no eligible sS1 measurement
KCAT015,S782N,MYH7,morck2022,M017|M018,2-hep HMM,2-hep HMM,mean_of_reported_paired_ratios,3.95|3.78,0.15|0.13,4.11|3.89,0.12|0.14,SE_of_fit,1.04,0.07,0.0392207131532813,0.0673076923076923,mean of published paired-ratio errors,no eligible sS1 measurement
KCAT016,A797T,MYH7,morck2022,M019|M020,2-hep HMM,2-hep HMM,mean_of_reported_paired_ratios,5.70|5.02,0.39|0.19,5.10|4.85,0.32|0.25,SE_of_fit,0.93,0.11,-0.0725706928348354,0.118279569892473,mean of published paired-ratio errors,no eligible sS1 measurement
KCAT017,F834L,MYH7,morck2022,M021|M022,2-hep HMM,2-hep HMM,mean_of_reported_paired_ratios,4.65|4.64,0.29|0.20,5.12|4.43,0.27|0.18,SE_of_fit,1.03,0.10,0.0295588022415444,0.0970873786407767,mean of published paired-ratio errors,no eligible sS1 measurement
