comparison_id,scenario,n_paired,paired_variants,study_ids,status,method,effect,effect_unit,note
C001,same_source_study,11,A797T|D778V|E497D|F834L|G768R|I457T|L781P|R249Q|R663H|S782N|Y115H,adhikari2019|morck2022|nandwani2025|pathak2026|sarkar2020,estimated,spearman_tie_aware,-0.621011040369,rho,Both outcomes drawn from the same publication; construct and measurement independence still require the ledger.
C001,exclude_shared_short_S,7,E497D|G768R|H251N|R403Q|R663H|R719W|Y115H,adhikari2016|adhikari2019|kawana2017|nag2015|nandwani2025|pathak2026|sarkar2020,estimated,spearman_tie_aware,-0.486506229856,rho,Drops seven variants whose Na and kcat reuse the exact mutant short-head ATPase value.
C001,exclude_shared_short_S_and_risky_Na,4,E497D|H251N|R719W|Y115H,adhikari2016|adhikari2019|kawana2017|nandwani2025,estimated,spearman_tie_aware,-0.632455532034,rho,Also drops three public Na values flagged for low n or epoch/uncertainty concerns.
C002,same_source_study,14,A797T|D239N|D778V|E497D|F834L|G768R|H251N|I457T|L781P|R403Q|R453C|R663H|S782N|Y115H,adhikari2016|adhikari2019|morck2022|nag2015|nandwani2025|pathak2026|sarkar2020|sommese2013,estimated,spearman_tie_aware,0.67032967033,rho,Both outcomes drawn from the same publication; construct and measurement independence still require the ledger.
C002,strict_short_head_MVEL20,4,E497D|G768R|R403Q|Y115H,nag2015|nandwani2025|pathak2026,estimated,spearman_tie_aware,0.8,rho,Four selected pure-actin short-head MVEL20 variants; source conditions still differ.
C002,exclude_morck_shared_WT,9,D239N|E497D|G768R|H251N|I457T|R403Q|R453C|R663H|Y115H,adhikari2016|adhikari2019|nag2015|nandwani2025|pathak2026|sarkar2020|sommese2013,estimated,spearman_tie_aware,0.716666666667,rho,Drops the five Morck variants whose slide/channel WT records are reused across mutants.
C002,expanded_human_velocity,14,A797T|D239N|D778V|E497D|F834L|G768R|H251N|I457T|L781P|R403Q|R453C|R663H|S782N|Y115H,adhikari2016|adhikari2019|morck2022|nag2015|nandwani2025|pathak2026|sarkar2020|sommese2013,estimated,spearman_tie_aware,0.67032967033,rho,Adds three outside-Table-1 human MYH7 pairs; different constructs and temperatures remain heterogeneous.
C002,alternative_R403Q_MVEL_23C_within_study_metric_sensitivity,14,A797T|D239N|D778V|E497D|F834L|G768R|H251N|I457T|L781P|R403Q|R453C|R663H|S782N|Y115H,adhikari2016|adhikari2019|morck2022|nag2015|nandwani2025|pathak2026|sarkar2020|sommese2013,estimated,spearman_tie_aware,0.67032967033,rho,Alternative FAST metric on same biological study; never independent variant
C002,alternative_R403Q_TOP5_23C_within_study_metric_sensitivity,14,A797T|D239N|D778V|E497D|F834L|G768R|H251N|I457T|L781P|R403Q|R453C|R663H|S782N|Y115H,adhikari2016|adhikari2019|morck2022|nag2015|nandwani2025|pathak2026|sarkar2020|sommese2013,estimated,spearman_tie_aware,0.67032967033,rho,Alternative FAST metric on same biological study; never independent variant
C002,alternative_R403Q_PLATEAU_23C_within_study_metric_sensitivity,14,A797T|D239N|D778V|E497D|F834L|G768R|H251N|I457T|L781P|R403Q|R453C|R663H|S782N|Y115H,adhikari2016|adhikari2019|morck2022|nag2015|nandwani2025|pathak2026|sarkar2020|sommese2013,estimated,spearman_tie_aware,0.67032967033,rho,Alternative FAST metric on same biological study; never independent variant
C002,alternative_R403Q_MVEL20_23C_condition_sensitivity_only,14,A797T|D239N|D778V|E497D|F834L|G768R|H251N|I457T|L781P|R403Q|R453C|R663H|S782N|Y115H,adhikari2016|adhikari2019|morck2022|nag2015|nandwani2025|pathak2026|sarkar2020|sommese2013,estimated,spearman_tie_aware,0.67032967033,rho,Different ionic-strength condition from primary; never independent variant
C002,alternative_R671C_MVEL20_30C_within_study_temperature_sensitivity,14,A797T|D239N|D778V|E497D|F834L|G768R|H251N|I457T|L781P|R403Q|R453C|R663H|S782N|Y115H,adhikari2016|adhikari2019|morck2022|nag2015|nandwani2025|pathak2026|sarkar2020|sommese2013,estimated,spearman_tie_aware,0.67032967033,rho,Same variant and paper as 23C pair; never an independent variant
C002,alternative_Y115H_MVEL20_23C_within_study_aggregate_sensitivity,14,A797T|D239N|D778V|E497D|F834L|G768R|H251N|I457T|L781P|R403Q|R453C|R663H|S782N|Y115H,adhikari2016|adhikari2019|morck2022|nag2015|nandwani2025|pathak2026|sarkar2020|sommese2013,estimated,spearman_tie_aware,0.67032967033,rho,Alternative same-study aggregate; never independent variant
C002,alternative_E497D_MVEL20_23C_within_study_aggregate_sensitivity,14,A797T|D239N|D778V|E497D|F834L|G768R|H251N|I457T|L781P|R403Q|R453C|R663H|S782N|Y115H,adhikari2016|adhikari2019|morck2022|nag2015|nandwani2025|pathak2026|sarkar2020|sommese2013,estimated,spearman_tie_aware,0.67032967033,rho,Alternative same-study aggregate; never independent variant
C003,same_source_study,11,A797T|D778V|E497D|F834L|G768R|I457T|L781P|P710R|R663H|S782N|Y115H,adhikari2019|morck2022|nandwani2025|pathak2026|sarkar2020|vanderroest2021,estimated,spearman_tie_aware,-0.789962573411,rho,Both outcomes drawn from the same publication; construct and measurement independence still require the ledger.
C003,strict_short_head_MVEL20,4,E497D|G768R|R403Q|Y115H,nag2015|nandwani2025|pathak2026|sarkar2020,estimated,spearman_tie_aware,-0.948683298051,rho,Four selected pure-actin short-head MVEL20 variants; source conditions still differ.
C003,exclude_morck_shared_WT,8,E497D|G768R|H251N|I457T|P710R|R403Q|R663H|Y115H,adhikari2016|adhikari2019|nag2015|nandwani2025|pathak2026|sarkar2020|vanderroest2021,estimated,spearman_tie_aware,-0.610789393576,rho,Drops the five Morck variants whose slide/channel WT records are reused across mutants.
C003,expanded_human_velocity,13,A797T|D778V|E497D|F834L|G768R|H251N|I457T|L781P|P710R|R403Q|R663H|S782N|Y115H,adhikari2016|adhikari2019|morck2022|nag2015|nandwani2025|pathak2026|sarkar2020|vanderroest2021,estimated,spearman_tie_aware,-0.570250097713,rho,Adds three outside-Table-1 human MYH7 pairs; different constructs and temperatures remain heterogeneous.
C003,alternative_R403Q_MVEL_23C_within_study_metric_sensitivity,13,A797T|D778V|E497D|F834L|G768R|H251N|I457T|L781P|P710R|R403Q|R663H|S782N|Y115H,adhikari2016|adhikari2019|morck2022|nag2015|nandwani2025|pathak2026|sarkar2020|vanderroest2021,estimated,spearman_tie_aware,-0.570250097713,rho,Alternative FAST metric on same biological study; never independent variant
C003,alternative_R403Q_TOP5_23C_within_study_metric_sensitivity,13,A797T|D778V|E497D|F834L|G768R|H251N|I457T|L781P|P710R|R403Q|R663H|S782N|Y115H,adhikari2016|adhikari2019|morck2022|nag2015|nandwani2025|pathak2026|sarkar2020|vanderroest2021,estimated,spearman_tie_aware,-0.570250097713,rho,Alternative FAST metric on same biological study; never independent variant
C003,alternative_R403Q_PLATEAU_23C_within_study_metric_sensitivity,13,A797T|D778V|E497D|F834L|G768R|H251N|I457T|L781P|P710R|R403Q|R663H|S782N|Y115H,adhikari2016|adhikari2019|morck2022|nag2015|nandwani2025|pathak2026|sarkar2020|vanderroest2021,estimated,spearman_tie_aware,-0.570250097713,rho,Alternative FAST metric on same biological study; never independent variant
C003,alternative_R403Q_MVEL20_23C_condition_sensitivity_only,13,A797T|D778V|E497D|F834L|G768R|H251N|I457T|L781P|P710R|R403Q|R663H|S782N|Y115H,adhikari2016|adhikari2019|morck2022|nag2015|nandwani2025|pathak2026|sarkar2020|vanderroest2021,estimated,spearman_tie_aware,-0.570250097713,rho,Different ionic-strength condition from primary; never independent variant
C003,alternative_R671C_MVEL20_30C_within_study_temperature_sensitivity,13,A797T|D778V|E497D|F834L|G768R|H251N|I457T|L781P|P710R|R403Q|R663H|S782N|Y115H,adhikari2016|adhikari2019|morck2022|nag2015|nandwani2025|pathak2026|sarkar2020|vanderroest2021,estimated,spearman_tie_aware,-0.570250097713,rho,Same variant and paper as 23C pair; never an independent variant
C003,alternative_Y115H_MVEL20_23C_within_study_aggregate_sensitivity,13,A797T|D778V|E497D|F834L|G768R|H251N|I457T|L781P|P710R|R403Q|R663H|S782N|Y115H,adhikari2016|adhikari2019|morck2022|nag2015|nandwani2025|pathak2026|sarkar2020|vanderroest2021,estimated,spearman_tie_aware,-0.570250097713,rho,Alternative same-study aggregate; never independent variant
C003,alternative_E497D_MVEL20_23C_within_study_aggregate_sensitivity,13,A797T|D778V|E497D|F834L|G768R|H251N|I457T|L781P|P710R|R403Q|R663H|S782N|Y115H,adhikari2016|adhikari2019|morck2022|nag2015|nandwani2025|pathak2026|sarkar2020|vanderroest2021,estimated,spearman_tie_aware,-0.570250097713,rho,Alternative same-study aggregate; never independent variant
C024,strict_short_head_MVEL20,4,E497D|G768R|R403Q|Y115H,nag2015|nandwani2025|pathak2026,estimated,spearman_tie_aware,-0.8,rho,Four selected pure-actin short-head MVEL20 variants; source conditions still differ.
C024,exclude_morck_shared_WT,10,D239N|E497D|G768R|H251N|I457T|P710R|R403Q|R453C|R663H|Y115H,adhikari2016|adhikari2019|nag2015|nandwani2025|pathak2026|sarkar2020|sommese2013|vanderroest2021,estimated,spearman_tie_aware,-0.709090909091,rho,Drops the five Morck variants whose slide/channel WT records are reused across mutants.
C024,expanded_human_velocity,16,D239N|D778V|E497D|G768R|H251N|I457T|I467V|L781P|M493I|P710R|R403Q|R453C|R663H|R671C|S782N|Y115H,adhikari2016|adhikari2019|cail2025|lehman2023|liu2024|morck2022|nag2015|nandwani2025|pathak2026|sarkar2020|sommese2013|vanderroest2021,estimated,spearman_tie_aware,-0.411764705882,rho,Adds three outside-Table-1 human MYH7 pairs; different constructs and temperatures remain heterogeneous.
C024,alternative_R403Q_MVEL_23C_within_study_metric_sensitivity,13,D239N|D778V|E497D|G768R|H251N|I457T|L781P|P710R|R403Q|R453C|R663H|S782N|Y115H,adhikari2016|adhikari2019|morck2022|nag2015|nandwani2025|pathak2026|sarkar2020|sommese2013|vanderroest2021,estimated,spearman_tie_aware,-0.434065934066,rho,Alternative FAST metric on same biological study; never independent variant
C024,alternative_R403Q_TOP5_23C_within_study_metric_sensitivity,13,D239N|D778V|E497D|G768R|H251N|I457T|L781P|P710R|R403Q|R453C|R663H|S782N|Y115H,adhikari2016|adhikari2019|morck2022|nag2015|nandwani2025|pathak2026|sarkar2020|sommese2013|vanderroest2021,estimated,spearman_tie_aware,-0.434065934066,rho,Alternative FAST metric on same biological study; never independent variant
C024,alternative_R403Q_PLATEAU_23C_within_study_metric_sensitivity,13,D239N|D778V|E497D|G768R|H251N|I457T|L781P|P710R|R403Q|R453C|R663H|S782N|Y115H,adhikari2016|adhikari2019|morck2022|nag2015|nandwani2025|pathak2026|sarkar2020|sommese2013|vanderroest2021,estimated,spearman_tie_aware,-0.434065934066,rho,Alternative FAST metric on same biological study; never independent variant
C024,alternative_R403Q_MVEL20_23C_condition_sensitivity_only,13,D239N|D778V|E497D|G768R|H251N|I457T|L781P|P710R|R403Q|R453C|R663H|S782N|Y115H,adhikari2016|adhikari2019|morck2022|nag2015|nandwani2025|pathak2026|sarkar2020|sommese2013|vanderroest2021,estimated,spearman_tie_aware,-0.434065934066,rho,Different ionic-strength condition from primary; never independent variant
C024,alternative_R671C_MVEL20_30C_within_study_temperature_sensitivity,16,D239N|D778V|E497D|G768R|H251N|I457T|I467V|L781P|M493I|P710R|R403Q|R453C|R663H|R671C|S782N|Y115H,adhikari2016|adhikari2019|cail2025|lehman2023|liu2024|morck2022|nag2015|nandwani2025|pathak2026|sarkar2020|sommese2013|vanderroest2021,estimated,spearman_tie_aware,-0.411764705882,rho,Same variant and paper as 23C pair; never an independent variant
C024,alternative_Y115H_MVEL20_23C_within_study_aggregate_sensitivity,13,D239N|D778V|E497D|G768R|H251N|I457T|L781P|P710R|R403Q|R453C|R663H|S782N|Y115H,adhikari2016|adhikari2019|morck2022|nag2015|nandwani2025|pathak2026|sarkar2020|sommese2013|vanderroest2021,estimated,spearman_tie_aware,-0.434065934066,rho,Alternative same-study aggregate; never independent variant
C024,alternative_E497D_MVEL20_23C_within_study_aggregate_sensitivity,13,D239N|D778V|E497D|G768R|H251N|I457T|L781P|P710R|R403Q|R453C|R663H|S782N|Y115H,adhikari2016|adhikari2019|morck2022|nag2015|nandwani2025|pathak2026|sarkar2020|sommese2013|vanderroest2021,estimated,spearman_tie_aware,-0.434065934066,rho,Alternative same-study aggregate; never independent variant
C025,strict_short_head_MVEL20,4,E497D|G768R|R403Q|Y115H,nag2015|nandwani2025|pathak2026,estimated,spearman_tie_aware,0.4,rho,Four selected pure-actin short-head MVEL20 variants; source conditions still differ.
C025,exclude_morck_shared_WT,10,D239N|E497D|G768R|H251N|I457T|P710R|R403Q|R453C|R663H|Y115H,adhikari2016|adhikari2019|nag2015|nandwani2025|pathak2026|sarkar2020|sommese2013|vanderroest2021,estimated,spearman_tie_aware,-0.393939393939,rho,Drops the five Morck variants whose slide/channel WT records are reused across mutants.
C025,expanded_human_velocity,16,D239N|D778V|E497D|G768R|H251N|I457T|I467V|L781P|M493I|P710R|R403Q|R453C|R663H|R671C|S782N|Y115H,adhikari2016|adhikari2019|cail2025|lehman2023|liu2024|morck2022|nag2015|nandwani2025|pathak2026|sarkar2020|sommese2013|vanderroest2021,estimated,spearman_tie_aware,-0.288235294118,rho,Adds three outside-Table-1 human MYH7 pairs; different constructs and temperatures remain heterogeneous.
C025,alternative_R403Q_MVEL_23C_within_study_metric_sensitivity,13,D239N|D778V|E497D|G768R|H251N|I457T|L781P|P710R|R403Q|R453C|R663H|S782N|Y115H,adhikari2016|adhikari2019|morck2022|nag2015|nandwani2025|pathak2026|sarkar2020|sommese2013|vanderroest2021,estimated,spearman_tie_aware,-0.192307692308,rho,Alternative FAST metric on same biological study; never independent variant
C025,alternative_R403Q_TOP5_23C_within_study_metric_sensitivity,13,D239N|D778V|E497D|G768R|H251N|I457T|L781P|P710R|R403Q|R453C|R663H|S782N|Y115H,adhikari2016|adhikari2019|morck2022|nag2015|nandwani2025|pathak2026|sarkar2020|sommese2013|vanderroest2021,estimated,spearman_tie_aware,-0.192307692308,rho,Alternative FAST metric on same biological study; never independent variant
C025,alternative_R403Q_PLATEAU_23C_within_study_metric_sensitivity,13,D239N|D778V|E497D|G768R|H251N|I457T|L781P|P710R|R403Q|R453C|R663H|S782N|Y115H,adhikari2016|adhikari2019|morck2022|nag2015|nandwani2025|pathak2026|sarkar2020|sommese2013|vanderroest2021,estimated,spearman_tie_aware,-0.192307692308,rho,Alternative FAST metric on same biological study; never independent variant
C025,alternative_R403Q_MVEL20_23C_condition_sensitivity_only,13,D239N|D778V|E497D|G768R|H251N|I457T|L781P|P710R|R403Q|R453C|R663H|S782N|Y115H,adhikari2016|adhikari2019|morck2022|nag2015|nandwani2025|pathak2026|sarkar2020|sommese2013|vanderroest2021,estimated,spearman_tie_aware,-0.192307692308,rho,Different ionic-strength condition from primary; never independent variant
C025,alternative_R671C_MVEL20_30C_within_study_temperature_sensitivity,16,D239N|D778V|E497D|G768R|H251N|I457T|I467V|L781P|M493I|P710R|R403Q|R453C|R663H|R671C|S782N|Y115H,adhikari2016|adhikari2019|cail2025|lehman2023|liu2024|morck2022|nag2015|nandwani2025|pathak2026|sarkar2020|sommese2013|vanderroest2021,estimated,spearman_tie_aware,-0.288235294118,rho,Same variant and paper as 23C pair; never an independent variant
C025,alternative_Y115H_MVEL20_23C_within_study_aggregate_sensitivity,13,D239N|D778V|E497D|G768R|H251N|I457T|L781P|P710R|R403Q|R453C|R663H|S782N|Y115H,adhikari2016|adhikari2019|morck2022|nag2015|nandwani2025|pathak2026|sarkar2020|sommese2013|vanderroest2021,estimated,spearman_tie_aware,-0.192307692308,rho,Alternative same-study aggregate; never independent variant
C025,alternative_E497D_MVEL20_23C_within_study_aggregate_sensitivity,13,D239N|D778V|E497D|G768R|H251N|I457T|L781P|P710R|R403Q|R453C|R663H|S782N|Y115H,adhikari2016|adhikari2019|morck2022|nag2015|nandwani2025|pathak2026|sarkar2020|sommese2013|vanderroest2021,estimated,spearman_tie_aware,-0.192307692308,rho,Alternative same-study aggregate; never independent variant
C026,strict_short_head_MVEL20,4,E497D|G768R|R403Q|Y115H,nag2015|nandwani2025|pathak2026,estimated,spearman_tie_aware,-0.8,rho,Four selected pure-actin short-head MVEL20 variants; source conditions still differ.
C026,exclude_morck_shared_WT,10,D239N|E497D|G768R|H251N|I457T|P710R|R403Q|R453C|R663H|Y115H,adhikari2016|adhikari2019|nag2015|nandwani2025|pathak2026|sarkar2020|sommese2013|vanderroest2021,estimated,spearman_tie_aware,-0.684848484848,rho,Drops the five Morck variants whose slide/channel WT records are reused across mutants.
C026,expanded_human_velocity,15,D239N|D778V|E497D|G768R|H251N|I457T|I467V|L781P|M493I|P710R|R403Q|R453C|R663H|R671C|Y115H,adhikari2016|adhikari2019|cail2025|lehman2023|liu2024|morck2022|nag2015|nandwani2025|pathak2026|sarkar2020|sommese2013|vanderroest2021,estimated,spearman_tie_aware,-0.317857142857,rho,Adds three outside-Table-1 human MYH7 pairs; different constructs and temperatures remain heterogeneous.
C026,alternative_R403Q_MVEL_23C_within_study_metric_sensitivity,12,D239N|D778V|E497D|G768R|H251N|I457T|L781P|P710R|R403Q|R453C|R663H|Y115H,adhikari2016|adhikari2019|morck2022|nag2015|nandwani2025|pathak2026|sarkar2020|sommese2013|vanderroest2021,estimated,spearman_tie_aware,-0.454545454545,rho,Alternative FAST metric on same biological study; never independent variant
C026,alternative_R403Q_TOP5_23C_within_study_metric_sensitivity,12,D239N|D778V|E497D|G768R|H251N|I457T|L781P|P710R|R403Q|R453C|R663H|Y115H,adhikari2016|adhikari2019|morck2022|nag2015|nandwani2025|pathak2026|sarkar2020|sommese2013|vanderroest2021,estimated,spearman_tie_aware,-0.454545454545,rho,Alternative FAST metric on same biological study; never independent variant
C026,alternative_R403Q_PLATEAU_23C_within_study_metric_sensitivity,12,D239N|D778V|E497D|G768R|H251N|I457T|L781P|P710R|R403Q|R453C|R663H|Y115H,adhikari2016|adhikari2019|morck2022|nag2015|nandwani2025|pathak2026|sarkar2020|sommese2013|vanderroest2021,estimated,spearman_tie_aware,-0.454545454545,rho,Alternative FAST metric on same biological study; never independent variant
C026,alternative_R403Q_MVEL20_23C_condition_sensitivity_only,12,D239N|D778V|E497D|G768R|H251N|I457T|L781P|P710R|R403Q|R453C|R663H|Y115H,adhikari2016|adhikari2019|morck2022|nag2015|nandwani2025|pathak2026|sarkar2020|sommese2013|vanderroest2021,estimated,spearman_tie_aware,-0.454545454545,rho,Different ionic-strength condition from primary; never independent variant
C026,alternative_R671C_MVEL20_30C_within_study_temperature_sensitivity,15,D239N|D778V|E497D|G768R|H251N|I457T|I467V|L781P|M493I|P710R|R403Q|R453C|R663H|R671C|Y115H,adhikari2016|adhikari2019|cail2025|lehman2023|liu2024|morck2022|nag2015|nandwani2025|pathak2026|sarkar2020|sommese2013|vanderroest2021,estimated,spearman_tie_aware,-0.317857142857,rho,Same variant and paper as 23C pair; never an independent variant
C026,alternative_Y115H_MVEL20_23C_within_study_aggregate_sensitivity,12,D239N|D778V|E497D|G768R|H251N|I457T|L781P|P710R|R403Q|R453C|R663H|Y115H,adhikari2016|adhikari2019|morck2022|nag2015|nandwani2025|pathak2026|sarkar2020|sommese2013|vanderroest2021,estimated,spearman_tie_aware,-0.454545454545,rho,Alternative same-study aggregate; never independent variant
C026,alternative_E497D_MVEL20_23C_within_study_aggregate_sensitivity,12,D239N|D778V|E497D|G768R|H251N|I457T|L781P|P710R|R403Q|R453C|R663H|Y115H,adhikari2016|adhikari2019|morck2022|nag2015|nandwani2025|pathak2026|sarkar2020|sommese2013|vanderroest2021,estimated,spearman_tie_aware,-0.454545454545,rho,Alternative same-study aggregate; never independent variant
C027,strict_short_head_MVEL20,4,E497D|G768R|R403Q|Y115H,nag2015|nandwani2025|pathak2026,estimated,spearman_tie_aware,0.4,rho,Four selected pure-actin short-head MVEL20 variants; source conditions still differ.
C027,exclude_morck_shared_WT,10,D239N|E497D|G768R|H251N|I457T|P710R|R403Q|R453C|R663H|Y115H,adhikari2016|adhikari2019|nag2015|nandwani2025|pathak2026|sarkar2020|sommese2013|vanderroest2021,estimated,spearman_tie_aware,0.430303030303,rho,Drops the five Morck variants whose slide/channel WT records are reused across mutants.
C027,expanded_human_velocity,18,A797T|D239N|D778V|E497D|F834L|G768R|H251N|I457T|I467V|L781P|M493I|P710R|R403Q|R453C|R663H|R671C|S782N|Y115H,adhikari2016|adhikari2019|cail2025|lehman2023|liu2024|morck2022|nag2015|nandwani2025|pathak2026|sarkar2020|sommese2013|vanderroest2021,estimated,spearman_tie_aware,0.345717234262,rho,Adds three outside-Table-1 human MYH7 pairs; different constructs and temperatures remain heterogeneous.
C027,alternative_R403Q_MVEL_23C_within_study_metric_sensitivity,15,A797T|D239N|D778V|E497D|F834L|G768R|H251N|I457T|L781P|P710R|R403Q|R453C|R663H|S782N|Y115H,adhikari2016|adhikari2019|morck2022|nag2015|nandwani2025|pathak2026|sarkar2020|sommese2013|vanderroest2021,estimated,spearman_tie_aware,0.35,rho,Alternative FAST metric on same biological study; never independent variant
C027,alternative_R403Q_TOP5_23C_within_study_metric_sensitivity,15,A797T|D239N|D778V|E497D|F834L|G768R|H251N|I457T|L781P|P710R|R403Q|R453C|R663H|S782N|Y115H,adhikari2016|adhikari2019|morck2022|nag2015|nandwani2025|pathak2026|sarkar2020|sommese2013|vanderroest2021,estimated,spearman_tie_aware,0.35,rho,Alternative FAST metric on same biological study; never independent variant
C027,alternative_R403Q_PLATEAU_23C_within_study_metric_sensitivity,15,A797T|D239N|D778V|E497D|F834L|G768R|H251N|I457T|L781P|P710R|R403Q|R453C|R663H|S782N|Y115H,adhikari2016|adhikari2019|morck2022|nag2015|nandwani2025|pathak2026|sarkar2020|sommese2013|vanderroest2021,estimated,spearman_tie_aware,0.35,rho,Alternative FAST metric on same biological study; never independent variant
C027,alternative_R403Q_MVEL20_23C_condition_sensitivity_only,15,A797T|D239N|D778V|E497D|F834L|G768R|H251N|I457T|L781P|P710R|R403Q|R453C|R663H|S782N|Y115H,adhikari2016|adhikari2019|morck2022|nag2015|nandwani2025|pathak2026|sarkar2020|sommese2013|vanderroest2021,estimated,spearman_tie_aware,0.35,rho,Different ionic-strength condition from primary; never independent variant
C027,alternative_R671C_MVEL20_30C_within_study_temperature_sensitivity,18,A797T|D239N|D778V|E497D|F834L|G768R|H251N|I457T|I467V|L781P|M493I|P710R|R403Q|R453C|R663H|R671C|S782N|Y115H,adhikari2016|adhikari2019|cail2025|lehman2023|liu2024|morck2022|nag2015|nandwani2025|pathak2026|sarkar2020|sommese2013|vanderroest2021,estimated,spearman_tie_aware,0.345717234262,rho,Same variant and paper as 23C pair; never an independent variant
C027,alternative_Y115H_MVEL20_23C_within_study_aggregate_sensitivity,15,A797T|D239N|D778V|E497D|F834L|G768R|H251N|I457T|L781P|P710R|R403Q|R453C|R663H|S782N|Y115H,adhikari2016|adhikari2019|morck2022|nag2015|nandwani2025|pathak2026|sarkar2020|sommese2013|vanderroest2021,estimated,spearman_tie_aware,0.35,rho,Alternative same-study aggregate; never independent variant
C027,alternative_E497D_MVEL20_23C_within_study_aggregate_sensitivity,15,A797T|D239N|D778V|E497D|F834L|G768R|H251N|I457T|L781P|P710R|R403Q|R453C|R663H|S782N|Y115H,adhikari2016|adhikari2019|morck2022|nag2015|nandwani2025|pathak2026|sarkar2020|sommese2013|vanderroest2021,estimated,spearman_tie_aware,0.35,rho,Alternative same-study aggregate; never independent variant
C028,strict_short_head_MVEL20,4,E497D|G768R|R403Q|Y115H,nag2015|nandwani2025|pathak2026,estimated,spearman_tie_aware,0.8,rho,Four selected pure-actin short-head MVEL20 variants; source conditions still differ.
C028,exclude_morck_shared_WT,10,D239N|E497D|G768R|H251N|I457T|P710R|R403Q|R453C|R663H|Y115H,adhikari2016|adhikari2019|nag2015|nandwani2025|pathak2026|sarkar2020|sommese2013|vanderroest2021,estimated,spearman_tie_aware,0.0666666666667,rho,Drops the five Morck variants whose slide/channel WT records are reused across mutants.
C028,expanded_human_velocity,18,A797T|D239N|D778V|E497D|F834L|G768R|H251N|I457T|I467V|L781P|M493I|P710R|R403Q|R453C|R663H|R671C|S782N|Y115H,adhikari2016|adhikari2019|cail2025|lehman2023|liu2024|morck2022|nag2015|nandwani2025|pathak2026|sarkar2020|sommese2013|vanderroest2021,estimated,spearman_tie_aware,0.228070175439,rho,Adds three outside-Table-1 human MYH7 pairs; different constructs and temperatures remain heterogeneous.
C028,alternative_R403Q_MVEL_23C_within_study_metric_sensitivity,15,A797T|D239N|D778V|E497D|F834L|G768R|H251N|I457T|L781P|P710R|R403Q|R453C|R663H|S782N|Y115H,adhikari2016|adhikari2019|morck2022|nag2015|nandwani2025|pathak2026|sarkar2020|sommese2013|vanderroest2021,estimated,spearman_tie_aware,0.139285714286,rho,Alternative FAST metric on same biological study; never independent variant
C028,alternative_R403Q_TOP5_23C_within_study_metric_sensitivity,15,A797T|D239N|D778V|E497D|F834L|G768R|H251N|I457T|L781P|P710R|R403Q|R453C|R663H|S782N|Y115H,adhikari2016|adhikari2019|morck2022|nag2015|nandwani2025|pathak2026|sarkar2020|sommese2013|vanderroest2021,estimated,spearman_tie_aware,0.139285714286,rho,Alternative FAST metric on same biological study; never independent variant
C028,alternative_R403Q_PLATEAU_23C_within_study_metric_sensitivity,15,A797T|D239N|D778V|E497D|F834L|G768R|H251N|I457T|L781P|P710R|R403Q|R453C|R663H|S782N|Y115H,adhikari2016|adhikari2019|morck2022|nag2015|nandwani2025|pathak2026|sarkar2020|sommese2013|vanderroest2021,estimated,spearman_tie_aware,0.139285714286,rho,Alternative FAST metric on same biological study; never independent variant
C028,alternative_R403Q_MVEL20_23C_condition_sensitivity_only,15,A797T|D239N|D778V|E497D|F834L|G768R|H251N|I457T|L781P|P710R|R403Q|R453C|R663H|S782N|Y115H,adhikari2016|adhikari2019|morck2022|nag2015|nandwani2025|pathak2026|sarkar2020|sommese2013|vanderroest2021,estimated,spearman_tie_aware,0.139285714286,rho,Different ionic-strength condition from primary; never independent variant
C028,alternative_R671C_MVEL20_30C_within_study_temperature_sensitivity,18,A797T|D239N|D778V|E497D|F834L|G768R|H251N|I457T|I467V|L781P|M493I|P710R|R403Q|R453C|R663H|R671C|S782N|Y115H,adhikari2016|adhikari2019|cail2025|lehman2023|liu2024|morck2022|nag2015|nandwani2025|pathak2026|sarkar2020|sommese2013|vanderroest2021,estimated,spearman_tie_aware,0.228070175439,rho,Same variant and paper as 23C pair; never an independent variant
C028,alternative_Y115H_MVEL20_23C_within_study_aggregate_sensitivity,15,A797T|D239N|D778V|E497D|F834L|G768R|H251N|I457T|L781P|P710R|R403Q|R453C|R663H|S782N|Y115H,adhikari2016|adhikari2019|morck2022|nag2015|nandwani2025|pathak2026|sarkar2020|sommese2013|vanderroest2021,estimated,spearman_tie_aware,0.139285714286,rho,Alternative same-study aggregate; never independent variant
C028,alternative_E497D_MVEL20_23C_within_study_aggregate_sensitivity,15,A797T|D239N|D778V|E497D|F834L|G768R|H251N|I457T|L781P|P710R|R403Q|R453C|R663H|S782N|Y115H,adhikari2016|adhikari2019|morck2022|nag2015|nandwani2025|pathak2026|sarkar2020|sommese2013|vanderroest2021,estimated,spearman_tie_aware,0.139285714286,rho,Alternative same-study aggregate; never independent variant
C029,strict_short_head_MVEL20,4,E497D|G768R|R403Q|Y115H,nag2015|nandwani2025|pathak2026,estimated,spearman_tie_aware,-0.948683298051,rho,Four selected pure-actin short-head MVEL20 variants; source conditions still differ.
C029,exclude_morck_shared_WT,10,D239N|E497D|G768R|H251N|I457T|P710R|R403Q|R453C|R663H|Y115H,adhikari2016|adhikari2019|nag2015|nandwani2025|pathak2026|sarkar2020|sommese2013|vanderroest2021,estimated,spearman_tie_aware,-0.224733287488,rho,Drops the five Morck variants whose slide/channel WT records are reused across mutants.
C029,expanded_human_velocity,15,A797T|D239N|D778V|E497D|F834L|G768R|H251N|I457T|L781P|P710R|R403Q|R453C|R663H|S782N|Y115H,adhikari2016|adhikari2019|morck2022|nag2015|nandwani2025|pathak2026|sarkar2020|sommese2013|vanderroest2021,estimated,spearman_tie_aware,-0.0688102353204,rho,Adds three outside-Table-1 human MYH7 pairs; different constructs and temperatures remain heterogeneous.
C029,alternative_R403Q_MVEL_23C_within_study_metric_sensitivity,15,A797T|D239N|D778V|E497D|F834L|G768R|H251N|I457T|L781P|P710R|R403Q|R453C|R663H|S782N|Y115H,adhikari2016|adhikari2019|morck2022|nag2015|nandwani2025|pathak2026|sarkar2020|sommese2013|vanderroest2021,estimated,spearman_tie_aware,-0.0688102353204,rho,Alternative FAST metric on same biological study; never independent variant
C029,alternative_R403Q_TOP5_23C_within_study_metric_sensitivity,15,A797T|D239N|D778V|E497D|F834L|G768R|H251N|I457T|L781P|P710R|R403Q|R453C|R663H|S782N|Y115H,adhikari2016|adhikari2019|morck2022|nag2015|nandwani2025|pathak2026|sarkar2020|sommese2013|vanderroest2021,estimated,spearman_tie_aware,-0.0688102353204,rho,Alternative FAST metric on same biological study; never independent variant
C029,alternative_R403Q_PLATEAU_23C_within_study_metric_sensitivity,15,A797T|D239N|D778V|E497D|F834L|G768R|H251N|I457T|L781P|P710R|R403Q|R453C|R663H|S782N|Y115H,adhikari2016|adhikari2019|morck2022|nag2015|nandwani2025|pathak2026|sarkar2020|sommese2013|vanderroest2021,estimated,spearman_tie_aware,-0.0688102353204,rho,Alternative FAST metric on same biological study; never independent variant
C029,alternative_R403Q_MVEL20_23C_condition_sensitivity_only,15,A797T|D239N|D778V|E497D|F834L|G768R|H251N|I457T|L781P|P710R|R403Q|R453C|R663H|S782N|Y115H,adhikari2016|adhikari2019|morck2022|nag2015|nandwani2025|pathak2026|sarkar2020|sommese2013|vanderroest2021,estimated,spearman_tie_aware,-0.0688102353204,rho,Different ionic-strength condition from primary; never independent variant
C029,alternative_R671C_MVEL20_30C_within_study_temperature_sensitivity,15,A797T|D239N|D778V|E497D|F834L|G768R|H251N|I457T|L781P|P710R|R403Q|R453C|R663H|S782N|Y115H,adhikari2016|adhikari2019|morck2022|nag2015|nandwani2025|pathak2026|sarkar2020|sommese2013|vanderroest2021,estimated,spearman_tie_aware,-0.0688102353204,rho,Same variant and paper as 23C pair; never an independent variant
C029,alternative_Y115H_MVEL20_23C_within_study_aggregate_sensitivity,15,A797T|D239N|D778V|E497D|F834L|G768R|H251N|I457T|L781P|P710R|R403Q|R453C|R663H|S782N|Y115H,adhikari2016|adhikari2019|morck2022|nag2015|nandwani2025|pathak2026|sarkar2020|sommese2013|vanderroest2021,estimated,spearman_tie_aware,-0.0688102353204,rho,Alternative same-study aggregate; never independent variant
C029,alternative_E497D_MVEL20_23C_within_study_aggregate_sensitivity,15,A797T|D239N|D778V|E497D|F834L|G768R|H251N|I457T|L781P|P710R|R403Q|R453C|R663H|S782N|Y115H,adhikari2016|adhikari2019|morck2022|nag2015|nandwani2025|pathak2026|sarkar2020|sommese2013|vanderroest2021,estimated,spearman_tie_aware,-0.0688102353204,rho,Alternative same-study aggregate; never independent variant
C030,strict_short_head_MVEL20,4,E497D|G768R|R403Q|Y115H,nag2015|nandwani2025|pathak2026,estimated,spearman_tie_aware,-1,rho,Four selected pure-actin short-head MVEL20 variants; source conditions still differ.
C030,exclude_morck_shared_WT,9,D239N|E497D|G768R|H251N|I457T|R403Q|R453C|R663H|Y115H,adhikari2016|adhikari2019|nag2015|nandwani2025|pathak2026|sarkar2020|sommese2013,estimated,spearman_tie_aware,-0.466666666667,rho,Drops the five Morck variants whose slide/channel WT records are reused across mutants.
C030,expanded_human_velocity,14,A797T|D239N|D778V|E497D|F834L|G768R|H251N|I457T|L781P|R403Q|R453C|R663H|S782N|Y115H,adhikari2016|adhikari2019|morck2022|nag2015|nandwani2025|pathak2026|sarkar2020|sommese2013,estimated,spearman_tie_aware,-0.336263736264,rho,Adds three outside-Table-1 human MYH7 pairs; different constructs and temperatures remain heterogeneous.
C030,alternative_R403Q_MVEL_23C_within_study_metric_sensitivity,14,A797T|D239N|D778V|E497D|F834L|G768R|H251N|I457T|L781P|R403Q|R453C|R663H|S782N|Y115H,adhikari2016|adhikari2019|morck2022|nag2015|nandwani2025|pathak2026|sarkar2020|sommese2013,estimated,spearman_tie_aware,-0.336263736264,rho,Alternative FAST metric on same biological study; never independent variant
C030,alternative_R403Q_TOP5_23C_within_study_metric_sensitivity,14,A797T|D239N|D778V|E497D|F834L|G768R|H251N|I457T|L781P|R403Q|R453C|R663H|S782N|Y115H,adhikari2016|adhikari2019|morck2022|nag2015|nandwani2025|pathak2026|sarkar2020|sommese2013,estimated,spearman_tie_aware,-0.336263736264,rho,Alternative FAST metric on same biological study; never independent variant
C030,alternative_R403Q_PLATEAU_23C_within_study_metric_sensitivity,14,A797T|D239N|D778V|E497D|F834L|G768R|H251N|I457T|L781P|R403Q|R453C|R663H|S782N|Y115H,adhikari2016|adhikari2019|morck2022|nag2015|nandwani2025|pathak2026|sarkar2020|sommese2013,estimated,spearman_tie_aware,-0.336263736264,rho,Alternative FAST metric on same biological study; never independent variant
C030,alternative_R403Q_MVEL20_23C_condition_sensitivity_only,14,A797T|D239N|D778V|E497D|F834L|G768R|H251N|I457T|L781P|R403Q|R453C|R663H|S782N|Y115H,adhikari2016|adhikari2019|morck2022|nag2015|nandwani2025|pathak2026|sarkar2020|sommese2013,estimated,spearman_tie_aware,-0.336263736264,rho,Different ionic-strength condition from primary; never independent variant
C030,alternative_R671C_MVEL20_30C_within_study_temperature_sensitivity,14,A797T|D239N|D778V|E497D|F834L|G768R|H251N|I457T|L781P|R403Q|R453C|R663H|S782N|Y115H,adhikari2016|adhikari2019|morck2022|nag2015|nandwani2025|pathak2026|sarkar2020|sommese2013,estimated,spearman_tie_aware,-0.336263736264,rho,Same variant and paper as 23C pair; never an independent variant
C030,alternative_Y115H_MVEL20_23C_within_study_aggregate_sensitivity,14,A797T|D239N|D778V|E497D|F834L|G768R|H251N|I457T|L781P|R403Q|R453C|R663H|S782N|Y115H,adhikari2016|adhikari2019|morck2022|nag2015|nandwani2025|pathak2026|sarkar2020|sommese2013,estimated,spearman_tie_aware,-0.336263736264,rho,Alternative same-study aggregate; never independent variant
C030,alternative_E497D_MVEL20_23C_within_study_aggregate_sensitivity,14,A797T|D239N|D778V|E497D|F834L|G768R|H251N|I457T|L781P|R403Q|R453C|R663H|S782N|Y115H,adhikari2016|adhikari2019|morck2022|nag2015|nandwani2025|pathak2026|sarkar2020|sommese2013,estimated,spearman_tie_aware,-0.336263736264,rho,Alternative same-study aggregate; never independent variant
C031,strict_short_head_MVEL20,4,E497D|G768R|R403Q|Y115H,nag2015|nandwani2025|pathak2026,estimated,spearman_tie_aware,0.4,rho,Four selected pure-actin short-head MVEL20 variants; source conditions still differ.
C031,exclude_morck_shared_WT,9,D239N|E497D|G768R|H251N|I457T|R403Q|R453C|R663H|Y115H,adhikari2016|adhikari2019|nag2015|nandwani2025|pathak2026|sarkar2020|sommese2013,estimated,spearman_tie_aware,-0.416666666667,rho,Drops the five Morck variants whose slide/channel WT records are reused across mutants.
C031,expanded_human_velocity,14,A797T|D239N|D778V|E497D|F834L|G768R|H251N|I457T|L781P|R403Q|R453C|R663H|S782N|Y115H,adhikari2016|adhikari2019|morck2022|nag2015|nandwani2025|pathak2026|sarkar2020|sommese2013,estimated,spearman_tie_aware,-0.221978021978,rho,Adds three outside-Table-1 human MYH7 pairs; different constructs and temperatures remain heterogeneous.
C031,alternative_R403Q_MVEL_23C_within_study_metric_sensitivity,14,A797T|D239N|D778V|E497D|F834L|G768R|H251N|I457T|L781P|R403Q|R453C|R663H|S782N|Y115H,adhikari2016|adhikari2019|morck2022|nag2015|nandwani2025|pathak2026|sarkar2020|sommese2013,estimated,spearman_tie_aware,-0.221978021978,rho,Alternative FAST metric on same biological study; never independent variant
C031,alternative_R403Q_TOP5_23C_within_study_metric_sensitivity,14,A797T|D239N|D778V|E497D|F834L|G768R|H251N|I457T|L781P|R403Q|R453C|R663H|S782N|Y115H,adhikari2016|adhikari2019|morck2022|nag2015|nandwani2025|pathak2026|sarkar2020|sommese2013,estimated,spearman_tie_aware,-0.221978021978,rho,Alternative FAST metric on same biological study; never independent variant
C031,alternative_R403Q_PLATEAU_23C_within_study_metric_sensitivity,14,A797T|D239N|D778V|E497D|F834L|G768R|H251N|I457T|L781P|R403Q|R453C|R663H|S782N|Y115H,adhikari2016|adhikari2019|morck2022|nag2015|nandwani2025|pathak2026|sarkar2020|sommese2013,estimated,spearman_tie_aware,-0.221978021978,rho,Alternative FAST metric on same biological study; never independent variant
C031,alternative_R403Q_MVEL20_23C_condition_sensitivity_only,14,A797T|D239N|D778V|E497D|F834L|G768R|H251N|I457T|L781P|R403Q|R453C|R663H|S782N|Y115H,adhikari2016|adhikari2019|morck2022|nag2015|nandwani2025|pathak2026|sarkar2020|sommese2013,estimated,spearman_tie_aware,-0.221978021978,rho,Different ionic-strength condition from primary; never independent variant
C031,alternative_R671C_MVEL20_30C_within_study_temperature_sensitivity,14,A797T|D239N|D778V|E497D|F834L|G768R|H251N|I457T|L781P|R403Q|R453C|R663H|S782N|Y115H,adhikari2016|adhikari2019|morck2022|nag2015|nandwani2025|pathak2026|sarkar2020|sommese2013,estimated,spearman_tie_aware,-0.221978021978,rho,Same variant and paper as 23C pair; never an independent variant
C031,alternative_Y115H_MVEL20_23C_within_study_aggregate_sensitivity,14,A797T|D239N|D778V|E497D|F834L|G768R|H251N|I457T|L781P|R403Q|R453C|R663H|S782N|Y115H,adhikari2016|adhikari2019|morck2022|nag2015|nandwani2025|pathak2026|sarkar2020|sommese2013,estimated,spearman_tie_aware,-0.221978021978,rho,Alternative same-study aggregate; never independent variant
C031,alternative_E497D_MVEL20_23C_within_study_aggregate_sensitivity,14,A797T|D239N|D778V|E497D|F834L|G768R|H251N|I457T|L781P|R403Q|R453C|R663H|S782N|Y115H,adhikari2016|adhikari2019|morck2022|nag2015|nandwani2025|pathak2026|sarkar2020|sommese2013,estimated,spearman_tie_aware,-0.221978021978,rho,Alternative same-study aggregate; never independent variant
C032,strict_short_head_MVEL20,4,E497D|G768R|R403Q|Y115H,nag2015|nandwani2025|pathak2026,estimated,spearman_tie_aware,-0.2,rho,Four selected pure-actin short-head MVEL20 variants; source conditions still differ.
C032,exclude_morck_shared_WT,8,E497D|G768R|H251N|I457T|P710R|R403Q|R663H|Y115H,adhikari2016|adhikari2019|nag2015|nandwani2025|pathak2026|sarkar2020|vanderroest2021,estimated,spearman_tie_aware,-0.452380952381,rho,Drops the five Morck variants whose slide/channel WT records are reused across mutants.
C032,expanded_human_velocity,13,A797T|D778V|E497D|F834L|G768R|H251N|I457T|L781P|P710R|R403Q|R663H|S782N|Y115H,adhikari2016|adhikari2019|morck2022|nag2015|nandwani2025|pathak2026|sarkar2020|vanderroest2021,estimated,spearman_tie_aware,-0.0989010989011,rho,Adds three outside-Table-1 human MYH7 pairs; different constructs and temperatures remain heterogeneous.
C032,alternative_R403Q_MVEL_23C_within_study_metric_sensitivity,13,A797T|D778V|E497D|F834L|G768R|H251N|I457T|L781P|P710R|R403Q|R663H|S782N|Y115H,adhikari2016|adhikari2019|morck2022|nag2015|nandwani2025|pathak2026|sarkar2020|vanderroest2021,estimated,spearman_tie_aware,-0.0989010989011,rho,Alternative FAST metric on same biological study; never independent variant
C032,alternative_R403Q_TOP5_23C_within_study_metric_sensitivity,13,A797T|D778V|E497D|F834L|G768R|H251N|I457T|L781P|P710R|R403Q|R663H|S782N|Y115H,adhikari2016|adhikari2019|morck2022|nag2015|nandwani2025|pathak2026|sarkar2020|vanderroest2021,estimated,spearman_tie_aware,-0.0989010989011,rho,Alternative FAST metric on same biological study; never independent variant
C032,alternative_R403Q_PLATEAU_23C_within_study_metric_sensitivity,13,A797T|D778V|E497D|F834L|G768R|H251N|I457T|L781P|P710R|R403Q|R663H|S782N|Y115H,adhikari2016|adhikari2019|morck2022|nag2015|nandwani2025|pathak2026|sarkar2020|vanderroest2021,estimated,spearman_tie_aware,-0.0989010989011,rho,Alternative FAST metric on same biological study; never independent variant
C032,alternative_R403Q_MVEL20_23C_condition_sensitivity_only,13,A797T|D778V|E497D|F834L|G768R|H251N|I457T|L781P|P710R|R403Q|R663H|S782N|Y115H,adhikari2016|adhikari2019|morck2022|nag2015|nandwani2025|pathak2026|sarkar2020|vanderroest2021,estimated,spearman_tie_aware,-0.0989010989011,rho,Different ionic-strength condition from primary; never independent variant
C032,alternative_R671C_MVEL20_30C_within_study_temperature_sensitivity,13,A797T|D778V|E497D|F834L|G768R|H251N|I457T|L781P|P710R|R403Q|R663H|S782N|Y115H,adhikari2016|adhikari2019|morck2022|nag2015|nandwani2025|pathak2026|sarkar2020|vanderroest2021,estimated,spearman_tie_aware,-0.0989010989011,rho,Same variant and paper as 23C pair; never an independent variant
C032,alternative_Y115H_MVEL20_23C_within_study_aggregate_sensitivity,13,A797T|D778V|E497D|F834L|G768R|H251N|I457T|L781P|P710R|R403Q|R663H|S782N|Y115H,adhikari2016|adhikari2019|morck2022|nag2015|nandwani2025|pathak2026|sarkar2020|vanderroest2021,estimated,spearman_tie_aware,-0.0989010989011,rho,Alternative same-study aggregate; never independent variant
C032,alternative_E497D_MVEL20_23C_within_study_aggregate_sensitivity,13,A797T|D778V|E497D|F834L|G768R|H251N|I457T|L781P|P710R|R403Q|R663H|S782N|Y115H,adhikari2016|adhikari2019|morck2022|nag2015|nandwani2025|pathak2026|sarkar2020|vanderroest2021,estimated,spearman_tie_aware,-0.0989010989011,rho,Alternative same-study aggregate; never independent variant
C033,strict_short_head_MVEL20,4,E497D|G768R|R403Q|Y115H,nag2015|nandwani2025|pathak2026,fragile_group_n_lt2,median_flag1_minus_flag0,0.695842142349,ratio,Four selected pure-actin short-head MVEL20 variants; source conditions still differ.
C033,exclude_morck_shared_WT,8,E497D|G768R|H251N|I457T|P710R|R403Q|R663H|Y115H,adhikari2016|adhikari2019|nag2015|nandwani2025|pathak2026|sarkar2020|vanderroest2021,fragile_group_n_lt2,median_flag1_minus_flag0,0.337038155638,ratio,Drops the five Morck variants whose slide/channel WT records are reused across mutants.
C033,expanded_human_velocity,13,A797T|D778V|E497D|F834L|G768R|H251N|I457T|L781P|P710R|R403Q|R663H|S782N|Y115H,adhikari2016|adhikari2019|morck2022|nag2015|nandwani2025|pathak2026|sarkar2020|vanderroest2021,fragile_group_n_lt2,median_flag1_minus_flag0,0.18199177728,ratio,Adds three outside-Table-1 human MYH7 pairs; different constructs and temperatures remain heterogeneous.
C033,alternative_R403Q_MVEL_23C_within_study_metric_sensitivity,13,A797T|D778V|E497D|F834L|G768R|H251N|I457T|L781P|P710R|R403Q|R663H|S782N|Y115H,adhikari2016|adhikari2019|morck2022|nag2015|nandwani2025|pathak2026|sarkar2020|vanderroest2021,fragile_group_n_lt2,median_flag1_minus_flag0,0.29185638077,ratio,Alternative FAST metric on same biological study; never independent variant
C033,alternative_R403Q_TOP5_23C_within_study_metric_sensitivity,13,A797T|D778V|E497D|F834L|G768R|H251N|I457T|L781P|P710R|R403Q|R663H|S782N|Y115H,adhikari2016|adhikari2019|morck2022|nag2015|nandwani2025|pathak2026|sarkar2020|vanderroest2021,fragile_group_n_lt2,median_flag1_minus_flag0,0.13910133439,ratio,Alternative FAST metric on same biological study; never independent variant
C033,alternative_R403Q_PLATEAU_23C_within_study_metric_sensitivity,13,A797T|D778V|E497D|F834L|G768R|H251N|I457T|L781P|P710R|R403Q|R663H|S782N|Y115H,adhikari2016|adhikari2019|morck2022|nag2015|nandwani2025|pathak2026|sarkar2020|vanderroest2021,fragile_group_n_lt2,median_flag1_minus_flag0,0.16768477281,ratio,Alternative FAST metric on same biological study; never independent variant
C033,alternative_R403Q_MVEL20_23C_condition_sensitivity_only,13,A797T|D778V|E497D|F834L|G768R|H251N|I457T|L781P|P710R|R403Q|R663H|S782N|Y115H,adhikari2016|adhikari2019|morck2022|nag2015|nandwani2025|pathak2026|sarkar2020|vanderroest2021,fragile_group_n_lt2,median_flag1_minus_flag0,0.30637850167,ratio,Different ionic-strength condition from primary; never independent variant
C033,alternative_R671C_MVEL20_30C_within_study_temperature_sensitivity,13,A797T|D778V|E497D|F834L|G768R|H251N|I457T|L781P|P710R|R403Q|R663H|S782N|Y115H,adhikari2016|adhikari2019|morck2022|nag2015|nandwani2025|pathak2026|sarkar2020|vanderroest2021,fragile_group_n_lt2,median_flag1_minus_flag0,0.18199177728,ratio,Same variant and paper as 23C pair; never an independent variant
C033,alternative_Y115H_MVEL20_23C_within_study_aggregate_sensitivity,13,A797T|D778V|E497D|F834L|G768R|H251N|I457T|L781P|P710R|R403Q|R663H|S782N|Y115H,adhikari2016|adhikari2019|morck2022|nag2015|nandwani2025|pathak2026|sarkar2020|vanderroest2021,fragile_group_n_lt2,median_flag1_minus_flag0,0.18199177728,ratio,Alternative same-study aggregate; never independent variant
C033,alternative_E497D_MVEL20_23C_within_study_aggregate_sensitivity,13,A797T|D778V|E497D|F834L|G768R|H251N|I457T|L781P|P710R|R403Q|R663H|S782N|Y115H,adhikari2016|adhikari2019|morck2022|nag2015|nandwani2025|pathak2026|sarkar2020|vanderroest2021,fragile_group_n_lt2,median_flag1_minus_flag0,0.18199177728,ratio,Alternative same-study aggregate; never independent variant
