variant,y,y_error,source_id,delta_charge,grantham_distance,catalytic_motif_min_ca_distance_8act_mean_ab
Y115H,0.0317486983145803,0.0716860753933912,nandwani2025,0,83,12.022325833439355
D239N,0.398030129620646,0.116062068083739,adhikari2016,1,23,0.0
R249Q,-0.346564837008437,0.0535822635369314,adhikari2019,-1,43,9.744404953362428
H251N,0.218689200964829,0.114031905115313,adhikari2016,0,68,16.073682688680528
R403Q,0.23638877806423,0.106172968744826,nag2015,-1,43,33.522361644995755
R453C,-0.392042087776024,0.0672446336868497,sommese2013,-1,180,21.430166265853757
I457T,0.561407367990627,0.0826632521348744,adhikari2019,0,89,13.221737309855548
E497D,0.416160397224912,0.0907555653591013,nandwani2025,0,45,22.82229494585116
R663H,-0.0339015516756813,0.0750566791600667,sarkar2020,-1,29,16.313801523298913
R719W,-0.0540672212702757,0.102037055191442,kawana2017,-1,101,37.94742621682316
G741R,-0.103184236235231,0.0878266231902444,kawana2017,1,125,43.44510234672077
G768R,-0.314736254718402,0.0349948884046211,pathak2026,1,125,27.477198222458405
D778V,0.148420005118273,0.0775862068965517,morck2022,1,152,34.84337112631988
L781P,-0.0304592074847086,0.0824742268041237,morck2022,0,98,38.97306060048324
S782N,0.0392207131532813,0.0673076923076923,morck2022,0,46,38.84192583957381
A797T,-0.0725706928348354,0.118279569892473,morck2022,0,58,52.61597947966432
F834L,0.0295588022415444,0.0970873786407767,morck2022,0,22,86.25095026129094
