model_kind,variant,source_id,truth,model_prediction,baseline_prediction,outer_fold,selected_inner_hyperparameters,scaler_mean,scaler_scale
gpr,D239N,adhikari2016,0.398030129620646,0.0012992842609446714,0.007691911540256861,0,"{""length_scale"":0.5,""noise_variance"":0.04}","[-0.13333333333333333,82.6,32.63147377133276]","[0.7180219742846006,45.866182167983716,18.87486738275306]"
gpr,H251N,adhikari2016,0.218689200964829,0.07542444845638979,0.007691911540256861,0,"{""length_scale"":0.5,""noise_variance"":0.04}","[-0.13333333333333333,82.6,32.63147377133276]","[0.7180219742846006,45.866182167983716,18.87486738275306]"
gpr,R249Q,adhikari2019,-0.346564837008437,-0.015316162700916373,0.03448369818047586,1,"{""length_scale"":0.5,""noise_variance"":0.04}","[0.0,79.86666666666666,32.171976466363596]","[0.7302967433402214,47.328450452367676,19.628482623629786]"
gpr,I457T,adhikari2019,0.561407367990627,0.017240423296669086,0.03448369818047586,1,"{""length_scale"":0.5,""noise_variance"":0.04}","[0.0,79.86666666666666,32.171976466363596]","[0.7302967433402214,47.328450452367676,19.628482623629786]"
gpr,R719W,kawana2017,-0.0540672212702757,0.012520136960338029,0.05928996407965565,2,"{""length_scale"":0.5,""noise_variance"":0.04}","[-0.06666666666666667,73.6,28.27688404634187]","[0.6798692684790381,46.16607701187817,20.417724519494588]"
gpr,G741R,kawana2017,-0.103184236235231,-0.020794043745056758,0.05928996407965565,2,"{""length_scale"":0.5,""noise_variance"":0.04}","[-0.06666666666666667,73.6,28.27688404634187]","[0.6798692684790381,46.16607701187817,20.417724519494588]"
gpr,D778V,morck2022,0.148420005118273,-0.07615789315701589,0.051494031957981114,3,"{""length_scale"":0.5,""noise_variance"":0.04}","[-0.16666666666666666,79.5,21.16837516261165]","[0.7993052538854533,45.21706904846148,12.069053381957271]"
gpr,L781P,morck2022,-0.0304592074847086,-0.0015850497230412237,0.051494031957981114,3,"{""length_scale"":0.5,""noise_variance"":0.04}","[-0.16666666666666666,79.5,21.16837516261165]","[0.7993052538854533,45.21706904846148,12.069053381957271]"
gpr,S782N,morck2022,0.0392207131532813,0.03276204048739766,0.051494031957981114,3,"{""length_scale"":0.5,""noise_variance"":0.04}","[-0.16666666666666666,79.5,21.16837516261165]","[0.7993052538854533,45.21706904846148,12.069053381957271]"
gpr,A797T,morck2022,-0.0725706928348354,0.001020835750760449,0.051494031957981114,3,"{""length_scale"":0.5,""noise_variance"":0.04}","[-0.16666666666666666,79.5,21.16837516261165]","[0.7993052538854533,45.21706904846148,12.069053381957271]"
gpr,F834L,morck2022,0.0295588022415444,6.444975659629199e-08,0.051494031957981114,3,"{""length_scale"":0.5,""noise_variance"":0.04}","[-0.16666666666666666,79.5,21.16837516261165]","[0.7993052538854533,45.21706904846148,12.069053381957271]"
gpr,R403Q,nag2015,0.23638877806423,0.004373082505602997,0.030981826601568632,4,"{""length_scale"":0.5,""noise_variance"":0.04}","[0.0,80.4375,29.50146422585476]","[0.7071067811865476,45.878874155214405,20.19489070515995]"
gpr,Y115H,nandwani2025,0.0317486983145803,0.4805016948072492,0.018945927209989038,5,"{""length_scale"":0.5,""noise_variance"":0.04}","[-0.06666666666666667,80.13333333333334,31.38007789862543]","[0.7717224601860152,47.480335110677366,20.229410873550716]"
gpr,E497D,nandwani2025,0.416160397224912,0.0523050834060778,0.018945927209989038,5,"{""length_scale"":0.5,""noise_variance"":0.04}","[-0.06666666666666667,80.13333333333334,31.38007789862543]","[0.7717224601860152,47.480335110677366,20.229410873550716]"
gpr,G768R,pathak2026,-0.314736254718402,0.1706706692883944,0.06542714115048312,6,"{""length_scale"":2.0,""noise_variance"":0.04}","[-0.125,75.3125,29.879286939763347]","[0.6959705453537527,45.189488199690864,20.210028037842555]"
gpr,R663H,sarkar2020,-0.0339015516756813,-0.13787182869665676,0.04787497221031308,7,"{""length_scale"":0.5,""noise_variance"":0.04}","[0.0,81.3125,30.576999233460814]","[0.7071067811865476,45.01488469106636,19.92028258012293]"
gpr,R453C,sommese2013,-0.392042087776024,0.0002946768500840424,0.0702587557165845,8,"{""length_scale"":0.5,""noise_variance"":0.04}","[0.0,71.875,30.257226437051138]","[0.7071067811865476,38.72479018664917,20.104758004126584]"
ridge,D239N,adhikari2016,0.398030129620646,0.03080507920301695,0.007691911540256861,0,"{""alpha"":100.0}","[-0.13333333333333333,82.6,32.63147377133276]","[0.7180219742846006,45.866182167983716,18.87486738275306]"
ridge,H251N,adhikari2016,0.218689200964829,0.013000055157546153,0.007691911540256861,0,"{""alpha"":100.0}","[-0.13333333333333333,82.6,32.63147377133276]","[0.7180219742846006,45.866182167983716,18.87486738275306]"
ridge,R249Q,adhikari2019,-0.346564837008437,0.14876766090559881,0.03448369818047586,1,"{""alpha"":0.01}","[0.0,79.86666666666666,32.171976466363596]","[0.7302967433402214,47.328450452367676,19.628482623629786]"
ridge,I457T,adhikari2019,0.561407367990627,0.06612728140382518,0.03448369818047586,1,"{""alpha"":0.01}","[0.0,79.86666666666666,32.171976466363596]","[0.7302967433402214,47.328450452367676,19.628482623629786]"
ridge,R719W,kawana2017,-0.0540672212702757,-0.16522460568236602,0.05928996407965565,2,"{""alpha"":1.0}","[-0.06666666666666667,73.6,28.27688404634187]","[0.6798692684790381,46.16607701187817,20.417724519494588]"
ridge,G741R,kawana2017,-0.103184236235231,0.04393782448806409,0.05928996407965565,2,"{""alpha"":1.0}","[-0.06666666666666667,73.6,28.27688404634187]","[0.6798692684790381,46.16607701187817,20.417724519494588]"
ridge,D778V,morck2022,0.148420005118273,-0.08998326772356066,0.051494031957981114,3,"{""alpha"":1.0}","[-0.16666666666666666,79.5,21.16837516261165]","[0.7993052538854533,45.21706904846148,12.069053381957271]"
ridge,L781P,morck2022,-0.0304592074847086,-0.0067868269664782335,0.051494031957981114,3,"{""alpha"":1.0}","[-0.16666666666666666,79.5,21.16837516261165]","[0.7993052538854533,45.21706904846148,12.069053381957271]"
ridge,S782N,morck2022,0.0392207131532813,0.16773014205756198,0.051494031957981114,3,"{""alpha"":1.0}","[-0.16666666666666666,79.5,21.16837516261165]","[0.7993052538854533,45.21706904846148,12.069053381957271]"
ridge,A797T,morck2022,-0.0725706928348354,0.11813134553546253,0.051494031957981114,3,"{""alpha"":1.0}","[-0.16666666666666666,79.5,21.16837516261165]","[0.7993052538854533,45.21706904846148,12.069053381957271]"
ridge,F834L,morck2022,0.0295588022415444,0.2160666646149268,0.051494031957981114,3,"{""alpha"":1.0}","[-0.16666666666666666,79.5,21.16837516261165]","[0.7993052538854533,45.21706904846148,12.069053381957271]"
ridge,R403Q,nag2015,0.23638877806423,-0.03956243007310664,0.030981826601568632,4,"{""alpha"":0.01}","[0.0,80.4375,29.50146422585476]","[0.7071067811865476,45.878874155214405,20.19489070515995]"
ridge,Y115H,nandwani2025,0.0317486983145803,0.0739647537670938,0.018945927209989038,5,"{""alpha"":0.01}","[-0.06666666666666667,80.13333333333334,31.38007789862543]","[0.7717224601860152,47.480335110677366,20.229410873550716]"
ridge,E497D,nandwani2025,0.416160397224912,0.13334213894806773,0.018945927209989038,5,"{""alpha"":0.01}","[-0.06666666666666667,80.13333333333334,31.38007789862543]","[0.7717224601860152,47.480335110677366,20.229410873550716]"
ridge,G768R,pathak2026,-0.314736254718402,0.15409671582238393,0.06542714115048312,6,"{""alpha"":1.0}","[-0.125,75.3125,29.879286939763347]","[0.6959705453537527,45.189488199690864,20.210028037842555]"
ridge,R663H,sarkar2020,-0.0339015516756813,0.1365052056353515,0.04787497221031308,7,"{""alpha"":0.1}","[0.0,81.3125,30.576999233460814]","[0.7071067811865476,45.01488469106636,19.92028258012293]"
ridge,R453C,sommese2013,-0.392042087776024,0.047665884366675806,0.0702587557165845,8,"{""alpha"":100.0}","[0.0,71.875,30.257226437051138]","[0.7071067811865476,38.72479018664917,20.104758004126584]"
