model_kind,view,outer_fold,train_indices,test_indices,selected_params,inner_scores,scaler_mean,scaler_scale,baseline_mean
gpr,study,0,"[0,2,4,5,6,7,8,9,10,11,12,13,14,15,16]","[1,3]","{""length_scale"":0.5,""noise_variance"":0.04}","{""length_scale=0.5,noise_variance=0.0025"":0.2591808311939774,""length_scale=0.5,noise_variance=0.01"":0.2587730557853092,""length_scale=0.5,noise_variance=0.04"":0.2572666852987857,""length_scale=1,noise_variance=0.0025"":0.2737150360810549,""length_scale=1,noise_variance=0.01"":0.27078760498869286,""length_scale=1,noise_variance=0.04"":0.2651329756315822,""length_scale=2,noise_variance=0.0025"":0.3115057095992377,""length_scale=2,noise_variance=0.01"":0.286525124388777,""length_scale=2,noise_variance=0.04"":0.27180878445495193}","[-0.13333333333333333,82.6,32.63147377133276]","[0.7180219742846006,45.866182167983716,18.87486738275306]",0.007691911540256861
gpr,study,1,"[0,1,3,4,5,7,8,9,10,11,12,13,14,15,16]","[2,6]","{""length_scale"":0.5,""noise_variance"":0.04}","{""length_scale=0.5,noise_variance=0.0025"":0.2062640275938485,""length_scale=0.5,noise_variance=0.01"":0.20621211372415033,""length_scale=0.5,noise_variance=0.04"":0.20601572703030505,""length_scale=1,noise_variance=0.0025"":0.22428835290801039,""length_scale=1,noise_variance=0.01"":0.22392556574896705,""length_scale=1,noise_variance=0.04"":0.22259938394325507,""length_scale=2,noise_variance=0.0025"":0.25075031359323857,""length_scale=2,noise_variance=0.01"":0.24865569276455052,""length_scale=2,noise_variance=0.04"":0.24234297963036888}","[0.0,79.86666666666666,32.171976466363596]","[0.7302967433402214,47.328450452367676,19.628482623629786]",0.03448369818047586
gpr,study,2,"[0,1,2,3,4,5,6,7,8,11,12,13,14,15,16]","[9,10]","{""length_scale"":0.5,""noise_variance"":0.04}","{""length_scale=0.5,noise_variance=0.0025"":0.2928317314476394,""length_scale=0.5,noise_variance=0.01"":0.2909503140338313,""length_scale=0.5,noise_variance=0.04"":0.2853234063782413,""length_scale=1,noise_variance=0.0025"":0.3243704438802702,""length_scale=1,noise_variance=0.01"":0.3143749435248887,""length_scale=1,noise_variance=0.04"":0.29708204990757703,""length_scale=2,noise_variance=0.0025"":0.3841908050395633,""length_scale=2,noise_variance=0.01"":0.343256226427414,""length_scale=2,noise_variance=0.04"":0.3209754634003691}","[-0.06666666666666667,73.6,28.27688404634187]","[0.6798692684790381,46.16607701187817,20.417724519494588]",0.05928996407965565
gpr,study,3,"[0,1,2,3,4,5,6,7,8,9,10,11]","[12,13,14,15,16]","{""length_scale"":0.5,""noise_variance"":0.04}","{""length_scale=0.5,noise_variance=0.0025"":0.2727410563137408,""length_scale=0.5,noise_variance=0.01"":0.27210939449229565,""length_scale=0.5,noise_variance=0.04"":0.2699678252151679,""length_scale=1,noise_variance=0.0025"":0.29039829947970175,""length_scale=1,noise_variance=0.01"":0.2840054283367377,""length_scale=1,noise_variance=0.04"":0.27468462163965035,""length_scale=2,noise_variance=0.0025"":0.3702943969961579,""length_scale=2,noise_variance=0.01"":0.31945250726712576,""length_scale=2,noise_variance=0.04"":0.2709494855013066}","[-0.16666666666666666,79.5,21.16837516261165]","[0.7993052538854533,45.21706904846148,12.069053381957271]",0.051494031957981114
gpr,study,4,"[0,1,2,3,5,6,7,8,9,10,11,12,13,14,15,16]",[4],"{""length_scale"":0.5,""noise_variance"":0.04}","{""length_scale=0.5,noise_variance=0.0025"":0.2745903460341005,""length_scale=0.5,noise_variance=0.01"":0.2726721871040655,""length_scale=0.5,noise_variance=0.04"":0.2668534701416675,""length_scale=1,noise_variance=0.0025"":0.3118560873321117,""length_scale=1,noise_variance=0.01"":0.29966222403964526,""length_scale=1,noise_variance=0.04"":0.2787258637421485,""length_scale=2,noise_variance=0.0025"":0.3818171566801472,""length_scale=2,noise_variance=0.01"":0.33334701599870215,""length_scale=2,noise_variance=0.04"":0.3014562220627913}","[0.0,80.4375,29.50146422585476]","[0.7071067811865476,45.878874155214405,20.19489070515995]",0.030981826601568632
gpr,study,5,"[1,2,3,4,5,6,8,9,10,11,12,13,14,15,16]","[0,7]","{""length_scale"":0.5,""noise_variance"":0.04}","{""length_scale=0.5,noise_variance=0.0025"":0.23351366548272637,""length_scale=0.5,noise_variance=0.01"":0.23329817513441498,""length_scale=0.5,noise_variance=0.04"":0.23245567725046892,""length_scale=1,noise_variance=0.0025"":0.25296499842166154,""length_scale=1,noise_variance=0.01"":0.2529272986465775,""length_scale=1,noise_variance=0.04"":0.2524179684508051,""length_scale=2,noise_variance=0.0025"":0.27868555763185965,""length_scale=2,noise_variance=0.01"":0.27818532950680125,""length_scale=2,noise_variance=0.04"":0.2735109656917771}","[-0.06666666666666667,80.13333333333334,31.38007789862543]","[0.7717224601860152,47.480335110677366,20.229410873550716]",0.018945927209989038
gpr,study,6,"[0,1,2,3,4,5,6,7,8,9,10,12,13,14,15,16]",[11],"{""length_scale"":2.0,""noise_variance"":0.04}","{""length_scale=0.5,noise_variance=0.0025"":0.25857150530605594,""length_scale=0.5,noise_variance=0.01"":0.256855420114592,""length_scale=0.5,noise_variance=0.04"":0.2516738532868876,""length_scale=1,noise_variance=0.0025"":0.27302470243424337,""length_scale=1,noise_variance=0.01"":0.26475174471818674,""length_scale=1,noise_variance=0.04"":0.2502222743929454,""length_scale=2,noise_variance=0.0025"":0.2778495156848687,""length_scale=2,noise_variance=0.01"":0.25207889340607026,""length_scale=2,noise_variance=0.04"":0.24199770104424867}","[-0.125,75.3125,29.879286939763347]","[0.6959705453537527,45.189488199690864,20.210028037842555]",0.06542714115048312
gpr,study,7,"[0,1,2,3,4,5,6,7,9,10,11,12,13,14,15,16]",[8],"{""length_scale"":0.5,""noise_variance"":0.04}","{""length_scale=0.5,noise_variance=0.0025"":0.29183719697171856,""length_scale=0.5,noise_variance=0.01"":0.2901388458107201,""length_scale=0.5,noise_variance=0.04"":0.2850191498100023,""length_scale=1,noise_variance=0.0025"":0.34352302546363883,""length_scale=1,noise_variance=0.01"":0.3319409925975538,""length_scale=1,noise_variance=0.04"":0.3106015814934812,""length_scale=2,noise_variance=0.0025"":0.4229345740485384,""length_scale=2,noise_variance=0.01"":0.37086453626547133,""length_scale=2,noise_variance=0.04"":0.3334812334046815}","[0.0,81.3125,30.576999233460814]","[0.7071067811865476,45.01488469106636,19.92028258012293]",0.04787497221031308
gpr,study,8,"[0,1,2,3,4,6,7,8,9,10,11,12,13,14,15,16]",[5],"{""length_scale"":0.5,""noise_variance"":0.04}","{""length_scale=0.5,noise_variance=0.0025"":0.24637601954422222,""length_scale=0.5,noise_variance=0.01"":0.24497252977055217,""length_scale=0.5,noise_variance=0.04"":0.24052862396454022,""length_scale=1,noise_variance=0.0025"":0.2774193631087102,""length_scale=1,noise_variance=0.01"":0.2680813140312698,""length_scale=1,noise_variance=0.04"":0.25012894215704307,""length_scale=2,noise_variance=0.0025"":0.3237663523181078,""length_scale=2,noise_variance=0.01"":0.28612438531779544,""length_scale=2,noise_variance=0.04"":0.2603836552571222}","[0.0,71.875,30.257226437051138]","[0.7071067811865476,38.72479018664917,20.104758004126584]",0.0702587557165845
gpr,variant,0,"[1,2,3,4,5,6,7,8,9,10,11,12,13,14,15,16]",[0],"{""length_scale"":0.5,""noise_variance"":0.04}","{""length_scale=0.5,noise_variance=0.0025"":0.2539187853481892,""length_scale=0.5,noise_variance=0.01"":0.25359099059755774,""length_scale=0.5,noise_variance=0.04"":0.2523465625343766,""length_scale=1,noise_variance=0.0025"":0.27008214972614053,""length_scale=1,noise_variance=0.01"":0.2690853884833334,""length_scale=1,noise_variance=0.04"":0.26561136667036267,""length_scale=2,noise_variance=0.0025"":0.29333945028750236,""length_scale=2,noise_variance=0.01"":0.2864521614016171,""length_scale=2,noise_variance=0.04"":0.27209102399094776}","[-0.0625,77.9375,30.845216464077037]","[0.7473912964438374,46.7526319446296,19.69627881314783]",0.04377183158592174
gpr,variant,1,"[0,2,3,4,5,6,7,8,9,10,11,12,13,14,15,16]",[1],"{""length_scale"":1.0,""noise_variance"":0.04}","{""length_scale=0.5,noise_variance=0.0025"":0.25512964949695643,""length_scale=0.5,noise_variance=0.01"":0.25254665557494926,""length_scale=0.5,noise_variance=0.04"":0.24498185989341792,""length_scale=1,noise_variance=0.0025"":0.2761076488199292,""length_scale=1,noise_variance=0.01"":0.26399457864357734,""length_scale=1,noise_variance=0.04"":0.243198940917277,""length_scale=2,noise_variance=0.0025"":0.2951044862146378,""length_scale=2,noise_variance=0.01"":0.2608759536855713,""length_scale=2,noise_variance=0.04"":0.252520934815493}","[-0.125,81.6875,31.596611828666997]","[0.6959705453537527,44.550138537943965,18.70984817288485]",0.020879242129292628
gpr,variant,2,"[0,1,3,4,5,6,7,8,9,10,11,12,13,14,15,16]",[2],"{""length_scale"":0.5,""noise_variance"":0.04}","{""length_scale=0.5,noise_variance=0.0025"":0.2754027709165697,""length_scale=0.5,noise_variance=0.01"":0.2738517951155901,""length_scale=0.5,noise_variance=0.04"":0.26914584809388137,""length_scale=1,noise_variance=0.0025"":0.3198577670661129,""length_scale=1,noise_variance=0.01"":0.3107498138417471,""length_scale=1,noise_variance=0.04"":0.2929992728046194,""length_scale=2,noise_variance=0.0025"":0.38739723748516347,""length_scale=2,noise_variance=0.01"":0.34974000551142215,""length_scale=2,noise_variance=0.04"":0.3198738818325008}","[0.0,80.4375,30.987586519081844]","[0.7071067811865476,45.878874155214405,19.550938345328447]",0.06741642754361031
gpr,variant,3,"[0,1,2,4,5,6,7,8,9,10,11,12,13,14,15,16]",[3],"{""length_scale"":0.5,""noise_variance"":0.04}","{""length_scale=0.5,noise_variance=0.0025"":0.27465995546923305,""length_scale=0.5,noise_variance=0.01"":0.27422403668459105,""length_scale=0.5,noise_variance=0.04"":0.272732118977331,""length_scale=1,noise_variance=0.0025"":0.2997672917075608,""length_scale=1,noise_variance=0.01"":0.29336558465843166,""length_scale=1,noise_variance=0.04"":0.28214859598311054,""length_scale=2,noise_variance=0.0025"":0.3761743001109675,""length_scale=2,noise_variance=0.01"":0.3205883673735605,""length_scale=2,noise_variance=0.04"":0.28508578852683725}","[-0.0625,78.875,30.592006660624463]","[0.7473912964438374,46.69431844453884,19.909438000145705]",0.0320880501702812
gpr,variant,4,"[0,1,2,3,5,6,7,8,9,10,11,12,13,14,15,16]",[4],"{""length_scale"":0.5,""noise_variance"":0.04}","{""length_scale=0.5,noise_variance=0.0025"":0.2745903460341005,""length_scale=0.5,noise_variance=0.01"":0.2726721871040655,""length_scale=0.5,noise_variance=0.04"":0.2668534701416675,""length_scale=1,noise_variance=0.0025"":0.3118560873321117,""length_scale=1,noise_variance=0.01"":0.29966222403964526,""length_scale=1,noise_variance=0.04"":0.2787258637421485,""length_scale=2,noise_variance=0.0025"":0.3818171566801472,""length_scale=2,noise_variance=0.01"":0.33334701599870215,""length_scale=2,noise_variance=0.04"":0.3014562220627913}","[0.0,80.4375,29.50146422585476]","[0.7071067811865476,45.878874155214405,20.19489070515995]",0.030981826601568632
gpr,variant,5,"[0,1,2,3,4,6,7,8,9,10,11,12,13,14,15,16]",[5],"{""length_scale"":0.5,""noise_variance"":0.04}","{""length_scale=0.5,noise_variance=0.0025"":0.24637601954422222,""length_scale=0.5,noise_variance=0.01"":0.24497252977055217,""length_scale=0.5,noise_variance=0.04"":0.24052862396454022,""length_scale=1,noise_variance=0.0025"":0.2774193631087102,""length_scale=1,noise_variance=0.01"":0.2680813140312698,""length_scale=1,noise_variance=0.04"":0.25012894215704307,""length_scale=2,noise_variance=0.0025"":0.3237663523181078,""length_scale=2,noise_variance=0.01"":0.28612438531779544,""length_scale=2,noise_variance=0.04"":0.2603836552571222}","[0.0,71.875,30.257226437051138]","[0.7071067811865476,38.72479018664917,20.104758004126584]",0.0702587557165845
gpr,variant,6,"[0,1,2,3,4,5,7,8,9,10,11,12,13,14,15,16]",[6],"{""length_scale"":2.0,""noise_variance"":0.0025}","{""length_scale=0.5,noise_variance=0.0025"":0.2210906110653586,""length_scale=0.5,noise_variance=0.01"":0.2210566963248345,""length_scale=0.5,noise_variance=0.04"":0.22091463344089243,""length_scale=1,noise_variance=0.0025"":0.21206423285881176,""length_scale=1,noise_variance=0.01"":0.21265922658540368,""length_scale=1,noise_variance=0.04"":0.21455450452001953,""length_scale=2,noise_variance=0.0025"":0.19927862875795524,""length_scale=2,noise_variance=0.01"":0.20302123059747698,""length_scale=2,noise_variance=0.04"":0.21135193805660618}","[-0.0625,77.5625,30.770253246801026]","[0.7473912964438374,46.68641230326014,19.765371656976654]",0.010668164731168816
gpr,variant,7,"[0,1,2,3,4,5,6,8,9,10,11,12,13,14,15,16]",[7],"{""length_scale"":0.5,""noise_variance"":0.04}","{""length_scale=0.5,noise_variance=0.0025"":0.2806887527290327,""length_scale=0.5,noise_variance=0.01"":0.27876502751252125,""length_scale=0.5,noise_variance=0.04"":0.2727943184450746,""length_scale=1,noise_variance=0.0025"":0.3202674937224792,""length_scale=1,noise_variance=0.01"":0.30793253984957736,""length_scale=1,noise_variance=0.04"":0.2862204888630165,""length_scale=2,noise_variance=0.0025"":0.3871657869560315,""length_scale=2,noise_variance=0.01"":0.3303031866004785,""length_scale=2,noise_variance=0.04"":0.28946117312173264}","[-0.0625,80.3125,30.1702183945513]","[0.7473912964438374,45.97787341482857,20.139728103098268]",0.019746100404026003
gpr,variant,8,"[0,1,2,3,4,5,6,7,9,10,11,12,13,14,15,16]",[8],"{""length_scale"":0.5,""noise_variance"":0.04}","{""length_scale=0.5,noise_variance=0.0025"":0.29183719697171856,""length_scale=0.5,noise_variance=0.01"":0.2901388458107201,""length_scale=0.5,noise_variance=0.04"":0.2850191498100023,""length_scale=1,noise_variance=0.0025"":0.34352302546363883,""length_scale=1,noise_variance=0.01"":0.3319409925975538,""length_scale=1,noise_variance=0.04"":0.3106015814934812,""length_scale=2,noise_variance=0.0025"":0.4229345740485384,""length_scale=2,noise_variance=0.01"":0.37086453626547133,""length_scale=2,noise_variance=0.04"":0.3334812334046815}","[0.0,81.3125,30.576999233460814]","[0.7071067811865476,45.01488469106636,19.92028258012293]",0.04787497221031308
gpr,variant,9,"[0,1,2,3,4,5,6,7,8,10,11,12,13,14,15,16]",[9],"{""length_scale"":0.5,""noise_variance"":0.04}","{""length_scale=0.5,noise_variance=0.0025"":0.26665408783596267,""length_scale=0.5,noise_variance=0.01"":0.2650331563958084,""length_scale=0.5,noise_variance=0.04"":0.2601904218551519,""length_scale=1,noise_variance=0.0025"":0.2903535973754743,""length_scale=1,noise_variance=0.01"":0.28154406201826054,""length_scale=1,noise_variance=0.04"":0.2660653763542844,""length_scale=2,noise_variance=0.0025"":0.3572071291001687,""length_scale=2,noise_variance=0.01"":0.3093245316401336,""length_scale=2,noise_variance=0.04"":0.28343062836760285}","[0.0,76.8125,29.22489769011555]","[0.7071067811865476,46.39937870004296,20.10744154351973]",0.04913532655997523
gpr,variant,10,"[0,1,2,3,4,5,6,7,8,9,11,12,13,14,15,16]",[10],"{""length_scale"":0.5,""noise_variance"":0.04}","{""length_scale=0.5,noise_variance=0.0025"":0.2675086922368096,""length_scale=0.5,noise_variance=0.01"":0.26588526472924773,""length_scale=0.5,noise_variance=0.04"":0.2609718194555003,""length_scale=1,noise_variance=0.0025"":0.2989148954534373,""length_scale=1,noise_variance=0.01"":0.2886453370756637,""length_scale=1,noise_variance=0.04"":0.27115891623711136,""length_scale=2,noise_variance=0.0025"":0.33744214450693466,""length_scale=2,noise_variance=0.01"":0.29816113732363286,""length_scale=2,noise_variance=0.04"":0.2773281034106907}","[-0.125,75.3125,28.88129293199695]","[0.6959705453537527,45.189488199690864,19.907483741302656]",0.052205139995284935
gpr,variant,11,"[0,1,2,3,4,5,6,7,8,9,10,12,13,14,15,16]",[11],"{""length_scale"":2.0,""noise_variance"":0.04}","{""length_scale=0.5,noise_variance=0.0025"":0.25857150530605594,""length_scale=0.5,noise_variance=0.01"":0.256855420114592,""length_scale=0.5,noise_variance=0.04"":0.2516738532868876,""length_scale=1,noise_variance=0.0025"":0.27302470243424337,""length_scale=1,noise_variance=0.01"":0.26475174471818674,""length_scale=1,noise_variance=0.04"":0.2502222743929454,""length_scale=2,noise_variance=0.0025"":0.2778495156848687,""length_scale=2,noise_variance=0.01"":0.25207889340607026,""length_scale=2,noise_variance=0.04"":0.24199770104424867}","[-0.125,75.3125,29.879286939763347]","[0.6959705453537527,45.189488199690864,20.210028037842555]",0.06542714115048312
gpr,variant,12,"[0,1,2,3,4,5,6,7,8,9,10,11,13,14,15,16]",[12],"{""length_scale"":0.5,""noise_variance"":0.04}","{""length_scale=0.5,noise_variance=0.0025"":0.2531704803988469,""length_scale=0.5,noise_variance=0.01"":0.2517679554041814,""length_scale=0.5,noise_variance=0.04"":0.24752412643778982,""length_scale=1,noise_variance=0.0025"":0.28018911074044217,""length_scale=1,noise_variance=0.01"":0.2703130608597453,""length_scale=1,noise_variance=0.04"":0.2528612440615549,""length_scale=2,noise_variance=0.0025"":0.3231580713034329,""length_scale=2,noise_variance=0.01"":0.28050551922420036,""length_scale=2,noise_variance=0.04"":0.25671147146812223}","[-0.125,73.625,29.418901133272005]","[0.6959705453537527,42.73153841134204,20.175573643622258]",0.036479874910690935
gpr,variant,13,"[0,1,2,3,4,5,6,7,8,9,10,11,12,14,15,16]",[13],"{""length_scale"":0.5,""noise_variance"":0.04}","{""length_scale=0.5,noise_variance=0.0025"":0.2675459249539835,""length_scale=0.5,noise_variance=0.01"":0.26584914849728963,""length_scale=0.5,noise_variance=0.04"":0.26079410133658226,""length_scale=1,noise_variance=0.0025"":0.30717315695002156,""length_scale=1,noise_variance=0.01"":0.2941487238990891,""length_scale=1,noise_variance=0.04"":0.27279713612701095,""length_scale=2,noise_variance=0.0025"":0.3653494042752363,""length_scale=2,noise_variance=0.01"":0.3125243176310993,""length_scale=2,noise_variance=0.04"":0.28175544798311264}","[-0.0625,77.0,29.160795541136796]","[0.7473912964438374,46.490590445809566,20.07787551824942]",0.04765982569837728
gpr,variant,14,"[0,1,2,3,4,5,6,7,8,9,10,11,12,13,15,16]",[14],"{""length_scale"":0.5,""noise_variance"":0.04}","{""length_scale=0.5,noise_variance=0.0025"":0.26838443898527253,""length_scale=0.5,noise_variance=0.01"":0.26672228148899024,""length_scale=0.5,noise_variance=0.04"":0.26172723186089797,""length_scale=1,noise_variance=0.0025"":0.2933815395031057,""length_scale=1,noise_variance=0.01"":0.28287029574299133,""length_scale=1,noise_variance=0.04"":0.2650139196316275,""length_scale=2,noise_variance=0.0025"":0.34050311068102634,""length_scale=2,noise_variance=0.01"":0.29364016083462224,""length_scale=2,noise_variance=0.04"":0.2665184775846037}","[-0.0625,80.25,29.168991463693633]","[0.7473912964438374,46.02512900579421,20.08185211856454]",0.043304830658502914
gpr,variant,15,"[0,1,2,3,4,5,6,7,8,9,10,11,12,13,14,16]",[15],"{""length_scale"":0.5,""noise_variance"":0.04}","{""length_scale=0.5,noise_variance=0.0025"":0.2660099451051059,""length_scale=0.5,noise_variance=0.01"":0.2643973272960805,""length_scale=0.5,noise_variance=0.04"":0.25954469805437846,""length_scale=1,noise_variance=0.0025"":0.2970878336327807,""length_scale=1,noise_variance=0.01"":0.28648666179010635,""length_scale=1,noise_variance=0.04"":0.2682144770268745,""length_scale=2,noise_variance=0.0025"":0.35226986366459884,""length_scale=2,noise_variance=0.01"":0.3018512740395713,""length_scale=2,noise_variance=0.04"":0.27410308591924326}","[-0.0625,79.5,28.30811311118798]","[0.7473912964438374,46.47714492091785,19.339789263336623]",0.050291793532760205
gpr,variant,16,"[0,1,2,3,4,5,6,7,8,9,10,11,12,13,14,15]",[16],"{""length_scale"":0.5,""noise_variance"":0.04}","{""length_scale=0.5,noise_variance=0.0025"":0.26100556233154526,""length_scale=0.5,noise_variance=0.01"":0.26013409613621163,""length_scale=0.5,noise_variance=0.04"":0.2572656561204439,""length_scale=1,noise_variance=0.0025"":0.2970268110203713,""length_scale=1,noise_variance=0.01"":0.2896011084923601,""length_scale=1,noise_variance=0.04"":0.2749085052128399,""length_scale=2,noise_variance=0.0025"":0.3684598292827246,""length_scale=2,noise_variance=0.01"":0.3281999260122235,""length_scale=2,noise_variance=0.04"":0.2923181744530072}","[-0.0625,81.75,26.205927437336314]","[0.7473912964438374,44.466982132814,14.02504950229928]",0.04390870009048647
ridge,study,0,"[0,2,4,5,6,7,8,9,10,11,12,13,14,15,16]","[1,3]","{""alpha"":100.0}","{""alpha=0.01"":0.27131777375001037,""alpha=0.1"":0.27116311031508467,""alpha=1"":0.26910229424221677,""alpha=10"":0.2517496809988341,""alpha=100"":0.24307524190667873}","[-0.13333333333333333,82.6,32.63147377133276]","[0.7180219742846006,45.866182167983716,18.87486738275306]",0.007691911540256861
ridge,study,1,"[0,1,3,4,5,7,8,9,10,11,12,13,14,15,16]","[2,6]","{""alpha"":0.01}","{""alpha=0.01"":0.1992641773463728,""alpha=0.1"":0.19935777475113914,""alpha=1"":0.200291569349049,""alpha=10"":0.20650844559067988,""alpha=100"":0.22634318187593583}","[0.0,79.86666666666666,32.171976466363596]","[0.7302967433402214,47.328450452367676,19.628482623629786]",0.03448369818047586
ridge,study,2,"[0,1,2,3,4,5,6,7,8,11,12,13,14,15,16]","[9,10]","{""alpha"":1.0}","{""alpha=0.01"":0.2663241822401416,""alpha=0.1"":0.2657875802948264,""alpha=1"":0.26265609944312884,""alpha=10"":0.2715223907497142,""alpha=100"":0.2739795758533632}","[-0.06666666666666667,73.6,28.27688404634187]","[0.6798692684790381,46.16607701187817,20.417724519494588]",0.05928996407965565
ridge,study,3,"[0,1,2,3,4,5,6,7,8,9,10,11]","[12,13,14,15,16]","{""alpha"":1.0}","{""alpha=0.01"":0.2433637920418442,""alpha=0.1"":0.24165917008144305,""alpha=1"":0.23928161741622117,""alpha=10"":0.26406829749042027,""alpha=100"":0.28265846449017573}","[-0.16666666666666666,79.5,21.16837516261165]","[0.7993052538854533,45.21706904846148,12.069053381957271]",0.051494031957981114
ridge,study,4,"[0,1,2,3,5,6,7,8,9,10,11,12,13,14,15,16]",[4],"{""alpha"":0.01}","{""alpha=0.01"":0.21571533595061657,""alpha=0.1"":0.21607102923586186,""alpha=1"":0.22018741528049224,""alpha=10"":0.23697819600941503,""alpha=100"":0.25401065261007294}","[0.0,80.4375,29.50146422585476]","[0.7071067811865476,45.878874155214405,20.19489070515995]",0.030981826601568632
ridge,study,5,"[1,2,3,4,5,6,8,9,10,11,12,13,14,15,16]","[0,7]","{""alpha"":0.01}","{""alpha=0.01"":0.253326418452775,""alpha=0.1"":0.253422261011224,""alpha=1"":0.25409477071929953,""alpha=10"":0.25572591766504366,""alpha=100"":0.256799480627254}","[-0.06666666666666667,80.13333333333334,31.38007789862543]","[0.7717224601860152,47.480335110677366,20.229410873550716]",0.018945927209989038
ridge,study,6,"[0,1,2,3,4,5,6,7,8,9,10,12,13,14,15,16]",[11],"{""alpha"":1.0}","{""alpha=0.01"":0.2279973501988637,""alpha=0.1"":0.2274529330064655,""alpha=1"":0.22270979006561323,""alpha=10"":0.22347005951788776,""alpha=100"":0.24022139814052954}","[-0.125,75.3125,29.879286939763347]","[0.6959705453537527,45.189488199690864,20.210028037842555]",0.06542714115048312
ridge,study,7,"[0,1,2,3,4,5,6,7,9,10,11,12,13,14,15,16]",[8],"{""alpha"":0.1}","{""alpha=0.01"":0.2451913322669217,""alpha=0.1"":0.24472903734979257,""alpha=1"":0.244736413481839,""alpha=10"":0.25383339689285667,""alpha=100"":0.27312511546630813}","[0.0,81.3125,30.576999233460814]","[0.7071067811865476,45.01488469106636,19.92028258012293]",0.04787497221031308
ridge,study,8,"[0,1,2,3,4,6,7,8,9,10,11,12,13,14,15,16]",[5],"{""alpha"":100.0}","{""alpha=0.01"":0.25868681655891596,""alpha=0.1"":0.2579199785615498,""alpha=1"":0.2521371508568705,""alpha=10"":0.2419551953386615,""alpha=100"":0.23687298882344643}","[0.0,71.875,30.257226437051138]","[0.7071067811865476,38.72479018664917,20.104758004126584]",0.0702587557165845
ridge,variant,0,"[1,2,3,4,5,6,7,8,9,10,11,12,13,14,15,16]",[0],"{""alpha"":0.1}","{""alpha=0.01"":0.251361583556281,""alpha=0.1"":0.2510766725276643,""alpha=1"":0.25305893587782236,""alpha=10"":0.26076154374354593,""alpha=100"":0.2745407940899263}","[-0.0625,77.9375,30.845216464077037]","[0.7473912964438374,46.7526319446296,19.69627881314783]",0.04377183158592174
ridge,variant,1,"[0,2,3,4,5,6,7,8,9,10,11,12,13,14,15,16]",[1],"{""alpha"":100.0}","{""alpha=0.01"":0.25245850776667533,""alpha=0.1"":0.25245542148597205,""alpha=1"":0.25186305951767085,""alpha=10"":0.24374741687538892,""alpha=100"":0.24069148447481947}","[-0.125,81.6875,31.596611828666997]","[0.6959705453537527,44.550138537943965,18.70984817288485]",0.020879242129292628
ridge,variant,2,"[0,1,3,4,5,6,7,8,9,10,11,12,13,14,15,16]",[2],"{""alpha"":1.0}","{""alpha=0.01"":0.2420354626810218,""alpha=0.1"":0.2416189500102989,""alpha=1"":0.2379823497491142,""alpha=10"":0.24882730869965147,""alpha=100"":0.26626579611448276}","[0.0,80.4375,30.987586519081844]","[0.7071067811865476,45.878874155214405,19.550938345328447]",0.06741642754361031
ridge,variant,3,"[0,1,2,4,5,6,7,8,9,10,11,12,13,14,15,16]",[3],"{""alpha"":0.01}","{""alpha=0.01"":0.2285005447622619,""alpha=0.1"":0.22879894788800514,""alpha=1"":0.23143332717065082,""alpha=10"":0.2420392131797213,""alpha=100"":0.25895156480889825}","[-0.0625,78.875,30.592006660624463]","[0.7473912964438374,46.69431844453884,19.909438000145705]",0.0320880501702812
ridge,variant,4,"[0,1,2,3,5,6,7,8,9,10,11,12,13,14,15,16]",[4],"{""alpha"":0.01}","{""alpha=0.01"":0.21571533595061657,""alpha=0.1"":0.21607102923586186,""alpha=1"":0.22018741528049224,""alpha=10"":0.23697819600941503,""alpha=100"":0.25401065261007294}","[0.0,80.4375,29.50146422585476]","[0.7071067811865476,45.878874155214405,20.19489070515995]",0.030981826601568632
ridge,variant,5,"[0,1,2,3,4,6,7,8,9,10,11,12,13,14,15,16]",[5],"{""alpha"":100.0}","{""alpha=0.01"":0.25868681655891596,""alpha=0.1"":0.2579199785615498,""alpha=1"":0.2521371508568705,""alpha=10"":0.2419551953386615,""alpha=100"":0.23687298882344643}","[0.0,71.875,30.257226437051138]","[0.7071067811865476,38.72479018664917,20.104758004126584]",0.0702587557165845
ridge,variant,6,"[0,1,2,3,4,5,7,8,9,10,11,12,13,14,15,16]",[6],"{""alpha"":10.0}","{""alpha=0.01"":0.24064622302723995,""alpha=0.1"":0.2405762365931642,""alpha=1"":0.24003230120364463,""alpha=10"":0.2380271326682486,""alpha=100"":0.24242830275480154}","[-0.0625,77.5625,30.770253246801026]","[0.7473912964438374,46.68641230326014,19.765371656976654]",0.010668164731168816
ridge,variant,7,"[0,1,2,3,4,5,6,8,9,10,11,12,13,14,15,16]",[7],"{""alpha"":10.0}","{""alpha=0.01"":0.227234411534894,""alpha=0.1"":0.227260629476424,""alpha=1"":0.22737647384174567,""alpha=10"":0.2268604931146904,""alpha=100"":0.22788468126346892}","[-0.0625,80.3125,30.1702183945513]","[0.7473912964438374,45.97787341482857,20.139728103098268]",0.019746100404026003
ridge,variant,8,"[0,1,2,3,4,5,6,7,9,10,11,12,13,14,15,16]",[8],"{""alpha"":0.1}","{""alpha=0.01"":0.2451913322669217,""alpha=0.1"":0.24472903734979257,""alpha=1"":0.244736413481839,""alpha=10"":0.25383339689285667,""alpha=100"":0.27312511546630813}","[0.0,81.3125,30.576999233460814]","[0.7071067811865476,45.01488469106636,19.92028258012293]",0.04787497221031308
ridge,variant,9,"[0,1,2,3,4,5,6,7,8,10,11,12,13,14,15,16]",[9],"{""alpha"":0.1}","{""alpha=0.01"":0.23055723021034455,""alpha=0.1"":0.23042707321361902,""alpha=1"":0.23264386111257304,""alpha=10"":0.25034463675417234,""alpha=100"":0.2580237970827166}","[0.0,76.8125,29.22489769011555]","[0.7071067811865476,46.39937870004296,20.10744154351973]",0.04913532655997523
ridge,variant,10,"[0,1,2,3,4,5,6,7,8,9,11,12,13,14,15,16]",[10],"{""alpha"":10.0}","{""alpha=0.01"":0.2539373247357294,""alpha=0.1"":0.253411150260318,""alpha=1"":0.2511059232815668,""alpha=10"":0.24153920372603885,""alpha=100"":0.2506161791408636}","[-0.125,75.3125,28.88129293199695]","[0.6959705453537527,45.189488199690864,19.907483741302656]",0.052205139995284935
ridge,variant,11,"[0,1,2,3,4,5,6,7,8,9,10,12,13,14,15,16]",[11],"{""alpha"":1.0}","{""alpha=0.01"":0.2279973501988637,""alpha=0.1"":0.2274529330064655,""alpha=1"":0.22270979006561323,""alpha=10"":0.22347005951788776,""alpha=100"":0.24022139814052954}","[-0.125,75.3125,29.879286939763347]","[0.6959705453537527,45.189488199690864,20.210028037842555]",0.06542714115048312
ridge,variant,12,"[0,1,2,3,4,5,6,7,8,9,10,11,13,14,15,16]",[12],"{""alpha"":0.01}","{""alpha=0.01"":0.22560707633384838,""alpha=0.1"":0.2256720312072064,""alpha=1"":0.2263576331841272,""alpha=10"":0.23151603703706103,""alpha=100"":0.2490735981168531}","[-0.125,73.625,29.418901133272005]","[0.6959705453537527,42.73153841134204,20.175573643622258]",0.036479874910690935
ridge,variant,13,"[0,1,2,3,4,5,6,7,8,9,10,11,12,14,15,16]",[13],"{""alpha"":0.01}","{""alpha=0.01"":0.24127071132221667,""alpha=0.1"":0.24138686098225115,""alpha=1"":0.24235225721813589,""alpha=10"":0.24466711768928923,""alpha=100"":0.25386104331308407}","[-0.0625,77.0,29.160795541136796]","[0.7473912964438374,46.490590445809566,20.07787551824942]",0.04765982569837728
ridge,variant,14,"[0,1,2,3,4,5,6,7,8,9,10,11,12,13,15,16]",[14],"{""alpha"":0.01}","{""alpha=0.01"":0.2353695839257345,""alpha=0.1"":0.23556272225556654,""alpha=1"":0.2372038405954351,""alpha=10"":0.24248929067198302,""alpha=100"":0.25452003993644695}","[-0.0625,80.25,29.168991463693633]","[0.7473912964438374,46.02512900579421,20.08185211856454]",0.043304830658502914
ridge,variant,15,"[0,1,2,3,4,5,6,7,8,9,10,11,12,13,14,16]",[15],"{""alpha"":0.01}","{""alpha=0.01"":0.2338975207521237,""alpha=0.1"":0.2340818046342833,""alpha=1"":0.2356574183617552,""alpha=10"":0.2407919124475279,""alpha=100"":0.2524975038453221}","[-0.0625,79.5,28.30811311118798]","[0.7473912964438374,46.47714492091785,19.339789263336623]",0.050291793532760205
ridge,variant,16,"[0,1,2,3,4,5,6,7,8,9,10,11,12,13,14,15]",[16],"{""alpha"":0.01}","{""alpha=0.01"":0.2407808060997877,""alpha=0.1"":0.24099631268183147,""alpha=1"":0.24274126905032134,""alpha=10"":0.2466244855843571,""alpha=100"":0.25432637430940086}","[-0.0625,81.75,26.205927437336314]","[0.7473912964438374,44.466982132814,14.02504950229928]",0.04390870009048647
