variant,delta_charge,wt_site_rsa_8act_a,wt_site_rsa_8act_b,wt_site_rsa_8act_mean_ab,coverage_a,coverage_b,wt_site_rsa_8act_bh,wt_site_rsa_8act_fh,ihm_contact_bh_fh,ihm_contact_bh_s2,ihm_interface_flag_8act
Y115H,0,0.027027027027,0.00900900900901,0.018018018018,True,True,0.027027027027,0.00900900900901,0,0,0
E497D,0,0.144329896907,0.0309278350515,0.0876288659794,True,True,0.144329896907,0.0309278350515,0,0,0
R249Q,-1,0.153225806452,0.258064516129,0.20564516129,True,True,0.153225806452,0.258064516129,0,0,0
H251N,0,0.114130434783,0.0760869565217,0.0951086956522,True,True,0.114130434783,0.0760869565217,0,0,0
D382Y,1,0.0736196319018,0.39263803681,0.233128834356,True,True,0.0736196319018,0.39263803681,1,0,1
I457T,0,0,0,0,True,True,0,0,0,0,0
R719W,-1,0.165322580645,0.157258064516,0.161290322581,True,True,0.165322580645,0.157258064516,0,0,0
P710R,1,0.139705882353,0.0808823529412,0.110294117647,True,True,0.139705882353,0.0808823529412,0,0,0
D778V,1,0.153374233129,0.478527607362,0.315950920245,True,True,0.153374233129,0.478527607362,0,0,0
L781P,0,0,0.30487804878,0.15243902439,True,True,0,0.30487804878,0,0,0
S782N,0,0.223076923077,0.461538461538,0.342307692308,True,True,0.223076923077,0.461538461538,0,0,0
A797T,0,0.0377358490566,0.0188679245283,0.0283018867925,True,True,0.0377358490566,0.0188679245283,0,0,0
F834L,0,0.203045685279,0.218274111675,0.210659898477,True,True,0.203045685279,0.218274111675,0,0,0
R403Q,-1,0.137096774194,0.229838709677,0.183467741935,True,True,0.137096774194,0.229838709677,1,0,1
R663H,-1,0.588709677419,0.629032258065,0.608870967742,True,True,0.588709677419,0.629032258065,0,0,0
G768R,1,0.5,0.72619047619,0.613095238095,True,True,0.5,0.72619047619,0,0,0
