variant,gene,source_id,evidence_class,modeling_eligibility,modeling_ready,canonical_lsar,canonical_lsar_basis,reported_lsar,reported_lsar_error,recomputed_lsar,table1_na_percent,table1_cell_state,table1_implied_lsar_audit_only,spudich_additional_na_percent_uncapped,spudich_additional_na_percent_capped_display,na_rel,study_wt_lsar,study_normalization_percent,short_construct,long_construct,rlc_phosphorylation_state,assay_method,low_biological_n,evidence_epoch,notes
Y115H,MYH7,nandwani2025,exact_reported_pair_and_lsar,candidate_exact,true,0.90,reported_lsar,0.90,0.06,0.902439,80,populated,0.9140,76.744186,76.744186,1.578947368,0.63,72.972972973,8-hep HMM,15-hep HMM,unphosphorylated_by_cited_method,NADH-coupled steady-state actin-activated ATPase,false,published_summary,Published paper uses study-WT 0.63 baseline separately; Spudich uses 0.57.
Q222K,MYH7,spudich2024,unresolved_unpublished,exclude_unresolved,false,,,,,,100,populated,1.0000,,,,,,,,,,false,unpublished,No first-party paired short/long kcat found; reverse LSAR is audit-only.
D239N,MYH7,adhikari2016,blank_assay_not_performed,exclude_blank,false,,,,,,,blank,,,,,,,,,,,false,published,Cited paper studied sS1 only.
R249Q,MYH7,adhikari2019,exact_reported_pair_and_lsar,candidate_exact,true,0.96,reported_lsar,0.96,0.06,0.964497,91,populated,0.9613,90.697674,90.697674,1.684210526,0.57,90.697674419,2-hep HMM,25-hep HMM,unphosphorylated_explicit,colorimetric steady-state actin-activated ATPase,false,published_summary,Reported LSAR is authoritative; ratio of printed means shown separately.
H251N,MYH7,adhikari2019,exact_reported_pair_and_lsar,candidate_exact,true,0.91,reported_lsar,0.91,0.03,0.891239,79,populated,0.9097,79.069767,79.069767,1.596491228,0.57,79.069767442,2-hep HMM,25-hep HMM,unphosphorylated_explicit,colorimetric steady-state actin-activated ATPase,false,published_summary,Reported 0.91 differs from ratio of aggregate printed means 0.891239.
G256E,MYH7,lee2024,relative_primary_no_absolute_pair,exclude_approximate,false,0.80,reported_lsar,0.80,,,53,populated,0.7979,53.488372,53.488372,1.403508772,0.6,50,2-hep HMM,25-hep HMM,phosphorylation_not_stated,steady-state actin-activated ATPase,false,published_relative,Exact figure annotations report ~20% long-tail drop; no fitted absolute pair or numeric ATPase source file.
D382Y,MYH7,adhikari2019,exact_reported_pair_and_lsar,candidate_exact,true,0.84,reported_lsar,0.84,0.04,0.847352,63,populated,0.8409,62.790698,62.790698,1.473684211,0.57,62.790697674,2-hep HMM,25-hep HMM,unphosphorylated_explicit,colorimetric steady-state actin-activated ATPase,false,published_summary,Reported ratio 0.84; printed means divide to 0.847352.
R403Q,MYH7,sarkar2020,exact_reported_pair_derived_lsar,review_low_n,false,0.814814815,recomputed_lsar,,,0.814814815,58,populated,0.8194,56.933677864,56.933677864,1.429499675,0.583333333,55.5555556,2-hep HMM,25-hep HMM,unphosphorylated_by_cited_method,colorimetric steady-state actin-activated ATPase,true,published_text,Two experiments from one protein preparation; SI table S2 unavailable. Low biological n: two experiments from one protein preparation.
R453C,MYH7,sommese2013,blank_assay_not_performed,exclude_blank,false,,,,,,,blank,,,,,,,,,,,false,published,Cited paper studied S1 only.
I457T,MYH7,adhikari2019,exact_reported_pair_and_lsar,candidate_exact,true,0.56,reported_lsar,0.56,0.09,0.560859,0,populated,0.5700,-2.325581,0,0.98245614,0.57,-2.325581395,2-hep HMM,25-hep HMM,unphosphorylated_explicit,colorimetric steady-state actin-activated ATPase,false,published_summary,Reported LSAR gives a small negative transform; Table 1 codes no increase as 0.
E497D,MYH7,nandwani2025,exact_reported_pair_and_lsar,candidate_exact,true,0.90,reported_lsar,0.90,0.08,0.898551,80,populated,0.9140,76.744186,76.744186,1.578947368,0.63,72.972972973,8-hep HMM,15-hep HMM,unphosphorylated_by_cited_method,NADH-coupled steady-state actin-activated ATPase,false,published_summary,Published paper uses study-WT 0.63 baseline separately; Spudich uses 0.57.
E536D,MYH7,spudich2024,unresolved_unpublished,exclude_unresolved,false,,,,,,50,populated,0.7850,,,,,,,,,,false,unpublished,No first-party paired short/long kcat found; reverse LSAR is audit-only.
V606M,MYH7,spudich2024,unresolved_unpublished,exclude_unresolved,false,,,,,,77,populated,0.9011,,,,,,,,,,false,unpublished,Cellular/SRX studies are not purified HMM LSAR; reverse LSAR is audit-only.
R663H,MYH7,sarkar2020,exact_reported_pair_derived_lsar,review_low_n,false,0.678571429,recomputed_lsar,,,0.678571429,26,populated,0.6818,25.249169435,25.249169435,1.190476191,0.583333333,22.85714296,2-hep HMM,25-hep HMM,unphosphorylated_by_cited_method,colorimetric steady-state actin-activated ATPase,true,published_text,Two experiments from one protein preparation; SI table S2 unavailable. Low biological n: two experiments from one protein preparation.
P710R,MYH7,vanderroest2021,exact_reported_pair_derived_lsar,candidate_exact_mismatch_review,false,0.972972973,recomputed_lsar,,,0.972972973,88,populated,0.9484,93.714644877,93.714644877,1.706970128,0.625,92.7927928,2-hep HMM,25-hep HMM,unphosphorylated_by_cited_method,NADH-coupled steady-state actin-activated ATPase,false,published_text,"Exact pair is the weighted summary of two independent preparations with triplicate measurements per actin concentration; yields 93.7%, not Table 1 88%."
R719W,MYH7,adhikari2019,exact_reported_pair_and_lsar,candidate_exact,true,1.03,reported_lsar,1.03,0.03,1.041045,100,populated,1.0000,106.976744,100,1.807017544,0.57,106.976744186,2-hep HMM,25-hep HMM,unphosphorylated_explicit,colorimetric steady-state actin-activated ATPase,false,published_summary,Raw reported LSAR preserved above 1.0; Table 1 displays apparent cap of 100.
G741R,MYH7,kawana2017,blank_assay_not_performed,exclude_blank,false,,,,,,,blank,,,,,,,,,,,false,published,Cited paper studied sS1 only.
G768R,MYH7,pathak2026,exact_later_epoch_mismatch,candidate_later_epoch_review,false,0.921052632,recomputed_lsar,,,0.921052632,63,populated,0.8409,81.640146879,81.640146879,1.615881811,0.526315789,83.333333422,2-hep HMM,25-hep HMM,unphosphorylated_by_cited_method,NADH-coupled steady-state actin-activated ATPase,false,later_published_epoch,Spudich 2024 used unpublished data; later Pathak result does not reproduce Table 1 63%. Canonical label uses later Pathak published epoch; Spudich 2024 unpublished epoch remains unresolved and is not replaced.
D778V,MYH7,morck2022,exact_reported_pair_and_lsar,candidate_exact,true,0.81,reported_lsar,0.81,0.15,0.800294,56,populated,0.8108,55.813953,55.813953,1.421052632,,,2-hep HMM,25-hep HMM,unphosphorylated_explicit,NADH-coupled steady-state actin-activated ATPase,false,published_replicate,Reported LSAR averages two biological replicate ratios.
L781P,MYH7,morck2022,exact_reported_pair_and_lsar,candidate_exact,true,0.85,reported_lsar,0.85,0.10,0.891144,65,populated,0.8495,65.116279,65.116279,1.49122807,,,2-hep HMM,25-hep HMM,unphosphorylated_explicit,NADH-coupled steady-state actin-activated ATPase,false,published_replicate,Reported LSAR averages two biological replicate ratios.
S782N,MYH7,morck2022,exact_reported_pair_and_lsar,candidate_exact,true,0.81,reported_lsar,0.81,0.12,0.720195,56,populated,0.8108,55.813953,55.813953,1.421052632,,,2-hep HMM,25-hep HMM,unphosphorylated_explicit,NADH-coupled steady-state actin-activated ATPase,false,published_replicate,Reported LSAR averages two biological replicate ratios.
A797T,MYH7,morck2022,exact_reported_pair_and_lsar,candidate_exact,true,1.19,reported_lsar,1.19,0.16,1.221569,100,populated,1.0000,144.186047,100,2.087719298,,,2-hep HMM,25-hep HMM,unphosphorylated_explicit,NADH-coupled steady-state actin-activated ATPase,false,published_replicate,Raw LSAR preserved above 1.0; Table 1 displays apparent cap of 100.
F834L,MYH7,morck2022,exact_reported_pair_and_lsar,candidate_exact,true,0.82,reported_lsar,0.82,0.10,0.906250,58,populated,0.8194,58.139535,58.139535,1.438596491,,,2-hep HMM,25-hep HMM,unphosphorylated_explicit,NADH-coupled steady-state actin-activated ATPase,false,published_replicate,Reported LSAR averages two biological replicate ratios.
