measurement_id,variant,gene,source_id,evidence_epoch,biological_replicate,short_construct,long_construct,short_kcat_s_1,short_kcat_error,long_kcat_s_1,long_kcat_error,error_type,reported_lsar,reported_lsar_error,recomputed_lsar,rlc_phosphorylation_state,assay_method,source_location,notes
M001,Y115H,MYH7,nandwani2025,published_summary,summary,8-hep HMM,15-hep HMM,4.1,0.1,3.7,0.2,SEM,0.90,0.06,0.902439,unphosphorylated_by_cited_method,NADH-coupled steady-state actin-activated ATPase,Supplementary Table 2; Fig. 5,Published paper uses study-WT 0.63 baseline separately; Spudich uses 0.57.
M002,R249Q,MYH7,adhikari2019,published_summary,summary,2-hep HMM,25-hep HMM,1.69,0.08,1.63,0.06,SEM,0.96,0.06,0.964497,unphosphorylated_explicit,colorimetric steady-state actin-activated ATPase,Supplementary Table 1; Fig. 4b,Reported LSAR is authoritative; ratio of printed means shown separately.
M003,H251N,MYH7,adhikari2019,published_summary,summary,2-hep HMM,25-hep HMM,3.31,0.05,2.95,0.07,SEM,0.91,0.03,0.891239,unphosphorylated_explicit,colorimetric steady-state actin-activated ATPase,Supplementary Table 1; Fig. 4d,Reported 0.91 differs from ratio of aggregate printed means 0.891239.
M004,G256E,MYH7,lee2024,published_relative,summary,2-hep HMM,25-hep HMM,,,,,not_published,0.80,,,phosphorylation_not_stated,steady-state actin-activated ATPase,Main Fig. 3C-E; SI Fig. S3; SI Table S1,Exact figure annotations report ~20% long-tail drop; no fitted absolute pair or numeric ATPase source file.
M005,D382Y,MYH7,adhikari2019,published_summary,summary,2-hep HMM,25-hep HMM,3.21,0.06,2.72,0.12,SEM,0.84,0.04,0.847352,unphosphorylated_explicit,colorimetric steady-state actin-activated ATPase,Supplementary Table 1; Fig. 5,Reported ratio 0.84; printed means divide to 0.847352.
M006,R403Q,MYH7,sarkar2020,published_text,summary,2-hep HMM,25-hep HMM,2.7,0.2,2.2,0.2,SEM / fitted-value bootstrap,,,0.814814815,unphosphorylated_by_cited_method,colorimetric steady-state actin-activated ATPase,Results; Fig. 3A,Two experiments from one protein preparation; SI table S2 unavailable.
M007,I457T,MYH7,adhikari2019,published_summary,summary,2-hep HMM,25-hep HMM,4.19,0.33,2.35,0.31,SEM,0.56,0.09,0.560859,unphosphorylated_explicit,colorimetric steady-state actin-activated ATPase,Supplementary Table 1; Fig. 7d,Reported LSAR gives a small negative transform; Table 1 codes no increase as 0.
M008,E497D,MYH7,nandwani2025,published_summary,summary,8-hep HMM,15-hep HMM,6.9,0.1,6.2,0.6,SEM,0.90,0.08,0.898551,unphosphorylated_by_cited_method,NADH-coupled steady-state actin-activated ATPase,Supplementary Table 2; Fig. 5,Published paper uses study-WT 0.63 baseline separately; Spudich uses 0.57.
M009,R663H,MYH7,sarkar2020,published_text,summary,2-hep HMM,25-hep HMM,2.8,0.2,1.9,0.1,SEM / fitted-value bootstrap,,,0.678571429,unphosphorylated_by_cited_method,colorimetric steady-state actin-activated ATPase,Results; Fig. 3B,Two experiments from one protein preparation; SI table S2 unavailable.
M010,P710R,MYH7,vanderroest2021,published_text,summary,2-hep HMM,25-hep HMM,3.7,0.3,3.6,0.3,SE_of_fit,,,0.972972973,unphosphorylated_by_cited_method,NADH-coupled steady-state actin-activated ATPase,Results; Fig. 3B-C; Supplementary Table S1,"Exact pair is the weighted summary of two independent preparations with triplicate measurements per actin concentration; yields 93.7%, not Table 1 88%."
M011,R719W,MYH7,adhikari2019,published_summary,summary,2-hep HMM,25-hep HMM,2.68,0.04,2.79,0.07,SEM,1.03,0.03,1.041045,unphosphorylated_explicit,colorimetric steady-state actin-activated ATPase,Supplementary Table 1; Fig. 5,Raw reported LSAR preserved above 1.0; Table 1 displays apparent cap of 100.
M012,G768R,MYH7,pathak2026,later_published_epoch,summary,2-hep HMM,25-hep HMM,3.8,0.4,3.5,0.4,unspecified,,,0.921052632,unphosphorylated_by_cited_method,NADH-coupled steady-state actin-activated ATPase,Results; Fig. 3A-B; Fig. S1; Table S1 cited,Spudich 2024 used unpublished data; later Pathak result does not reproduce Table 1 63%.
M013,D778V,MYH7,morck2022,published_replicate,1,2-hep HMM,25-hep HMM,6.81,0.33,5.45,0.70,SE_of_fit,0.81,0.15,0.800294,unphosphorylated_explicit,NADH-coupled steady-state actin-activated ATPase,Supplementary file 1 slide 1,Reported LSAR averages two biological replicate ratios.
M014,D778V,MYH7,morck2022,published_replicate,2,2-hep HMM,25-hep HMM,6.21,0.21,5.02,0.42,SE_of_fit,0.81,0.15,0.808374,unphosphorylated_explicit,NADH-coupled steady-state actin-activated ATPase,Supplementary file 1 slide 1,Reported LSAR averages two biological replicate ratios.
M015,L781P,MYH7,morck2022,published_replicate,1,2-hep HMM,25-hep HMM,5.42,0.26,4.83,0.40,SE_of_fit,0.85,0.10,0.891144,unphosphorylated_explicit,NADH-coupled steady-state actin-activated ATPase,Supplementary file 1 slide 1,Reported LSAR averages two biological replicate ratios.
M016,L781P,MYH7,morck2022,published_replicate,2,2-hep HMM,25-hep HMM,4.71,0.10,3.81,0.12,SE_of_fit,0.85,0.10,0.808917,unphosphorylated_explicit,NADH-coupled steady-state actin-activated ATPase,Supplementary file 1 slide 1,Reported LSAR averages two biological replicate ratios.
M017,S782N,MYH7,morck2022,published_replicate,1,2-hep HMM,25-hep HMM,4.11,0.12,2.96,0.32,SE_of_fit,0.81,0.12,0.720195,unphosphorylated_explicit,NADH-coupled steady-state actin-activated ATPase,Supplementary file 1 slide 1,Reported LSAR averages two biological replicate ratios.
M018,S782N,MYH7,morck2022,published_replicate,2,2-hep HMM,25-hep HMM,3.89,0.14,3.52,0.26,SE_of_fit,0.81,0.12,0.904884,unphosphorylated_explicit,NADH-coupled steady-state actin-activated ATPase,Supplementary file 1 slide 1,Reported LSAR averages two biological replicate ratios.
M019,A797T,MYH7,morck2022,published_replicate,1,2-hep HMM,25-hep HMM,5.10,0.32,6.23,0.84,SE_of_fit,1.19,0.16,1.221569,unphosphorylated_explicit,NADH-coupled steady-state actin-activated ATPase,Supplementary file 1 slide 1,Raw LSAR preserved above 1.0; Table 1 displays apparent cap of 100.
M020,A797T,MYH7,morck2022,published_replicate,2,2-hep HMM,25-hep HMM,4.85,0.25,5.60,0.38,SE_of_fit,1.19,0.16,1.154639,unphosphorylated_explicit,NADH-coupled steady-state actin-activated ATPase,Supplementary file 1 slide 1,Raw LSAR preserved above 1.0; Table 1 displays apparent cap of 100.
M021,F834L,MYH7,morck2022,published_replicate,1,2-hep HMM,25-hep HMM,5.12,0.27,4.64,0.31,SE_of_fit,0.82,0.10,0.906250,unphosphorylated_explicit,NADH-coupled steady-state actin-activated ATPase,Supplementary file 1 slide 1,Reported LSAR averages two biological replicate ratios.
M022,F834L,MYH7,morck2022,published_replicate,2,2-hep HMM,25-hep HMM,4.43,0.18,3.22,0.10,SE_of_fit,0.82,0.10,0.726862,unphosphorylated_explicit,NADH-coupled steady-state actin-activated ATPase,Supplementary file 1 slide 1,Reported LSAR averages two biological replicate ratios.
