variant,LSAR_mut,LSAR_WT,Na_rel,ln(Na_rel)
Y115H,0.9,0.63,1.428571428571,0.356674943939
E497D,0.9,0.63,1.428571428571,0.356674943939
R249Q,0.96,0.57,1.684210526316,0.521296923633
H251N,0.91,0.57,1.59649122807,0.467808238682
D382Y,0.84,0.57,1.473684210526,0.387765531009
I457T,0.56,0.57,0.982456140351,-0.017699577099
R719W,1.03,0.57,1.80701754386,0.591677720395
P710R,0.972972972973,0.625,1.556756756757,0.442604655058
D778V,0.81,0.61,1.327868852459,0.283575290499
L781P,0.85,0.61,1.393442622951,0.331777392317
S782N,0.81,0.61,1.327868852459,0.283575290499
A797T,1.19,0.61,1.950819672131,0.668249628938
F834L,0.82,0.61,1.344262295082,0.295845383091
R403Q,0.814814814815,0.583333333333,1.396825396825,0.334202088087
R663H,0.678571428571,0.583333333333,1.163265306122,0.151230969724
G768R,0.921052631579,0.526315789474,1.75,0.559615787935
